acq_date,fire_count,mean_frp,soil_temp_level_1,soil_moisture_level_1
2015-01-14,24,13.549999999999999,,
2015-01-20,12,25.8,,
2015-02-06,24,31.599999999999998,,
2015-02-08,24,24.95,,
2015-02-09,48,54.650000000000006,,
2015-02-10,48,6.775000000000001,,
2015-02-11,72,12.95,,
2015-02-12,12,36.6,,
2015-02-13,36,9.233333333333333,,
2015-02-14,12,14.9,,
2015-02-17,36,15.366666666666667,,
2015-02-18,48,8.775,,
2015-02-19,72,41.63333333333334,,
2015-03-05,12,13.1,,
2015-03-09,12,7.900000000000001,,
2015-03-10,12,7.7,,
2015-03-12,12,3.4,,
2015-03-14,108,21.144444444444442,,
2015-03-15,84,27.37142857142857,,
2015-03-16,84,17.585714285714285,,
2015-03-17,96,32.0875,,
2015-03-18,24,41.699999999999996,,
2015-03-21,144,17.85,,
2015-03-22,24,69.4,,
2015-03-23,72,19.68333333333333,,
2015-03-24,48,19.95,,
2015-03-26,108,17.066666666666666,,
2015-03-27,72,40.38333333333333,,
2015-03-28,300,43.672000000000004,,
2015-03-29,48,30.725000000000005,,
2015-03-30,96,34.5875,,
2015-03-31,204,94.54705882352941,,
2015-04-02,36,36.4,,
2015-04-04,24,5.550000000000001,,
2015-04-05,24,14.200000000000001,,
2015-04-06,48,6.7,,
2015-04-07,24,36.35,,
2015-04-08,12,9.8,,
2015-04-09,60,40.68,,
2015-04-10,84,68.22857142857143,,
2015-04-11,120,63.14,,
2015-04-12,84,92.17142857142858,,
2015-04-13,60,47.18,,
2015-04-14,108,61.81111111111112,,
2015-04-15,36,16.933333333333334,,
2015-04-17,36,8.566666666666666,,
2015-04-21,24,13.050000000000002,,
2015-04-22,12,12.0,,
2015-04-23,24,22.8,,
2015-04-28,36,56.63333333333334,,
2015-04-29,36,37.53333333333333,,
2015-04-30,48,78.475,,
2015-05-01,12,21.899999999999995,,
2015-05-02,12,94.3,,
2015-05-03,24,27.650000000000002,,
2015-05-17,12,8.5,,
2015-05-26,72,14.600000000000001,,
2015-05-29,12,6.3,,
2015-05-30,108,39.93333333333334,,
2015-06-02,36,14.899999999999999,,
2015-06-04,24,34.449999999999996,,
2015-06-08,60,62.88,,
2015-06-09,24,32.0,,
2015-06-10,60,41.22,,
2015-06-11,96,32.199999999999996,,
2015-06-12,12,6.900000000000001,,
2015-06-27,12,6.400000000000001,,
2015-06-28,60,43.480000000000004,,
2015-06-29,12,17.0,,
2015-07-02,12,6.0,,
2015-07-11,12,7.7,,
2015-07-13,12,48.70000000000001,,
2015-07-14,24,18.95,,
2015-07-17,12,93.59999999999998,,
2015-07-18,48,24.724999999999998,,
2015-07-23,12,14.9,,
2015-07-25,12,12.699999999999998,,
2015-07-28,12,32.7,,
2015-07-30,36,29.066666666666663,,
2015-08-01,12,18.1,-246.72574,0.19852497
2015-08-06,24,42.949999999999996,-245.1561,0.178211
2015-08-07,12,13.699999999999998,-245.14081,0.17394939
2015-08-10,24,80.6,-245.66983,0.18015899
2015-08-17,24,17.4,-246.0303,0.17749275
2015-08-21,24,10.200000000000001,-247.1586,0.18539144
2015-08-22,12,16.1,-246.70486,0.18157315
2015-08-24,24,63.349999999999994,-247.90295,0.18573813
2015-08-26,36,26.6,-246.944,0.1735253
2015-08-27,12,28.399999999999995,-247.06973,0.17854153
2015-08-29,24,25.75,-247.31116,0.17124197
2015-09-01,12,8.1,,
2015-09-08,12,14.1,,
2015-09-09,24,11.25,,
2015-09-10,48,36.175,,
2015-09-11,48,101.52499999999999,,
2015-09-12,36,134.5,,
2015-09-16,12,10.1,,
2015-09-17,24,52.65,,
2015-09-18,288,153.525,,
2015-09-21,24,14.450000000000001,,
2015-09-24,24,11.35,,
2015-09-25,12,36.8,,
2015-09-27,24,40.800000000000004,,
2015-09-28,60,88.32,,
2015-10-03,84,75.08571428571429,,
2015-10-06,12,18.2,,
2015-10-08,12,13.1,,
2015-10-09,48,54.699999999999996,,
2015-10-10,60,57.98,,
2015-10-12,12,23.3,,
2015-10-13,96,43.512499999999996,,
2015-10-14,204,91.5,,
2015-10-15,312,51.580769230769235,,
2015-10-16,132,58.46363636363636,,
2015-10-22,12,3.2999999999999994,,
2015-10-24,36,42.4,,
2015-10-27,24,5.6000000000000005,,
2015-10-29,48,10.65,,
2015-11-02,108,17.988888888888887,,
2015-11-03,72,21.066666666666666,,
2015-11-06,12,5.3,,
2015-11-09,84,82.42857142857143,,
2015-11-10,168,40.92857142857143,,
2015-11-12,24,15.050000000000002,,
2015-11-13,12,20.7,,
2015-11-14,24,8.4,,
2015-11-15,12,50.70000000000001,,
2015-11-17,12,317.5,,
2015-11-18,12,21.8,,
2015-11-19,12,9.4,,
2015-11-20,84,66.17142857142856,,
2015-11-23,24,21.650000000000002,,
2015-11-24,24,35.25,,
2015-11-25,24,69.65,,
2015-12-01,12,28.899999999999995,,
2015-12-11,24,10.850000000000001,,
2015-12-30,12,12.199999999999998,,
2016-01-12,12,17.5,,
2016-01-21,36,32.333333333333336,,
2016-01-22,36,20.833333333333332,,
2016-01-26,24,21.0,,
2016-01-28,12,20.2,,
2016-01-29,132,334.8,,
2016-02-16,12,6.8,,
2016-02-20,24,69.7,,
2016-02-23,24,26.05,,
2016-02-24,12,19.2,,
2016-02-25,72,9.95,,
2016-02-26,108,36.166666666666664,,
2016-02-28,36,34.13333333333333,,
2016-02-29,60,18.959999999999997,,
2016-03-02,132,60.4,,
2016-03-03,84,14.185714285714285,,
2016-03-04,60,10.26,,
2016-03-08,12,17.3,,
2016-03-09,60,10.879999999999999,,
2016-03-10,96,20.45,,
2016-03-11,12,8.5,,
2016-03-12,108,24.43333333333333,,
2016-03-13,96,26.337500000000002,,
2016-03-14,36,6.300000000000001,,
2016-03-15,48,68.925,,
2016-03-16,36,12.666666666666666,,
2016-03-17,168,36.51428571428571,,
2016-03-18,24,13.0,,
2016-03-20,12,8.2,,
2016-04-01,24,17.400000000000002,,
2016-04-02,48,30.8,,
2016-04-03,180,88.32000000000001,,
2016-04-04,36,14.566666666666666,,
2016-04-06,132,47.99090909090909,,
2016-04-07,60,34.879999999999995,,
2016-04-10,12,7.8,,
2016-04-11,24,49.949999999999996,,
2016-04-13,24,32.85,,
2016-04-14,84,50.68571428571429,,
2016-04-22,24,12.700000000000001,,
2016-05-02,12,13.6,,
2016-05-03,24,5.1,,
2016-05-04,36,23.966666666666665,,
2016-05-05,12,11.0,,
2016-05-10,36,36.8,,
2016-05-11,24,29.95,,
2016-05-12,36,4.166666666666667,,
2016-05-13,24,43.150000000000006,,
2016-05-20,24,33.2,,
2016-05-21,60,22.06,,
2016-05-23,12,34.3,,
2016-05-24,12,27.600000000000005,,
2016-05-25,12,79.7,,
2016-05-26,72,32.81666666666666,,
2016-05-28,60,15.2,,
2016-05-29,48,38.375,,
2016-06-02,12,6.7,,
2016-06-03,12,13.300000000000002,,
2016-06-06,24,66.15,,
2016-06-16,300,113.048,,
2016-06-17,36,68.83333333333333,,
2016-06-18,36,10.633333333333333,,
2016-06-19,48,21.125,,
2016-06-20,204,125.21176470588236,,
2016-06-21,432,492.3611111111111,,
2016-06-22,288,182.05416666666667,,
2016-06-23,48,40.375,,
2016-06-24,48,106.8,,
2016-06-25,72,119.28333333333333,,
2016-06-26,156,75.46153846153847,,
2016-06-27,204,191.85294117647058,,
2016-06-28,444,110.10810810810811,,
2016-06-29,120,34.07,,
2016-07-06,24,10.25,,
2016-07-07,24,25.0,,
2016-07-08,120,64.92,,
2016-07-09,384,76.2,,
2016-07-10,300,488.20400000000006,,
2016-07-11,1908,177.0440251572327,,
2016-07-12,360,241.23666666666665,,
2016-07-13,336,197.48214285714286,,
2016-07-14,180,61.35333333333334,,
2016-07-15,168,48.207142857142856,,
2016-07-16,216,109.3111111111111,,
2016-07-17,360,228.5533333333333,,
2016-07-18,180,37.38666666666667,,
2016-07-20,60,52.4,,
2016-07-22,72,54.35,,
2016-07-24,12,13.300000000000002,,
2016-07-25,60,33.96,,
2016-07-27,492,79.6219512195122,,
2016-07-28,384,66.89375,,
2016-07-29,240,41.3,,
2016-07-30,252,65.33809523809524,,
2016-07-31,120,107.6,,
2016-08-01,432,324.8111111111111,,
2016-08-02,96,271.71250000000003,,
2016-08-03,72,27.21666666666667,,
2016-08-04,36,23.46666666666667,,
2016-08-08,12,52.0,,
2016-08-10,24,109.25,,
2016-08-12,24,14.050000000000002,,
2016-08-13,48,21.099999999999998,,
2016-08-14,60,64.39999999999999,,
2016-08-15,12,10.6,,
2016-08-17,24,20.650000000000002,,
2016-08-20,12,43.5,,
2016-08-21,84,39.87142857142857,,
2016-08-23,108,61.577777777777776,,
2016-08-25,84,48.58571428571428,,
2016-08-27,12,9.8,,
2016-08-30,12,25.5,,
2016-09-03,12,79.6,,
2016-09-04,84,77.02857142857142,,
2016-09-05,12,13.1,,
2016-09-06,96,52.512499999999996,,
2016-09-07,60,50.080000000000005,,
2016-09-08,168,78.8,,
2016-09-09,252,67.89523809523808,,
2016-09-10,96,68.4,,
2016-09-11,492,162.99512195121952,,
2016-09-12,96,43.050000000000004,,
2016-09-15,72,33.46666666666667,,
2016-09-16,132,32.381818181818176,,
2016-09-17,24,11.799999999999999,,
2016-09-18,120,45.519999999999996,,
2016-09-19,24,60.4,,
2016-09-22,12,12.199999999999998,,
2016-09-25,12,10.0,,
2016-09-26,24,10.0,,
2016-09-28,168,59.457142857142856,,
2016-09-29,36,20.8,,
2016-10-04,108,28.72222222222222,,
2016-10-05,24,177.04999999999998,,
2016-10-07,12,8.2,,
2016-10-08,168,59.457142857142856,,
2016-10-09,36,61.633333333333326,,
2016-10-10,48,38.0,,
2016-10-12,12,28.0,,
2016-10-13,156,26.46923076923077,,
2016-10-14,36,18.400000000000002,,
2016-10-15,60,22.3,,
2016-10-17,960,139.74125,,
2016-10-18,168,42.80714285714286,,
2016-10-19,48,20.625,,
2016-10-20,12,33.2,,
2016-10-22,156,82.77692307692308,,
2016-10-23,12,8.9,,
2016-10-24,24,39.199999999999996,,
2016-10-27,24,33.85,,
2016-10-28,24,16.15,,
2016-10-31,48,19.25,,
2016-11-02,36,15.5,,
2016-11-03,36,14.1,,
2016-11-05,12,57.29999999999999,,
2016-11-08,24,19.75,,
2016-11-09,24,4.6000000000000005,,
2016-11-11,24,8.95,,
2016-11-14,24,5.55,,
2016-11-15,60,22.279999999999998,,
2016-11-16,12,11.699999999999998,,
2016-11-20,24,10.65,,
2016-11-30,60,26.32,,
2016-12-05,36,33.13333333333333,,
2016-12-07,12,29.5,,
2016-12-16,24,49.050000000000004,,
2016-12-27,12,19.0,,
2017-01-12,12,10.5,,
2017-01-20,12,81.7,,
2017-01-28,24,10.05,,
2017-02-10,12,13.9,,
2017-02-11,24,33.25,,
2017-02-15,60,26.860000000000003,,
2017-02-17,48,11.700000000000001,,
2017-02-20,48,14.1,,
2017-02-21,36,47.233333333333334,,
2017-02-22,36,22.799999999999997,,
2017-02-25,24,48.5,,
2017-02-27,120,36.98,,
2017-03-02,36,18.8,,
2017-03-03,156,12.546153846153846,,
2017-03-04,84,21.2,,
2017-03-05,24,13.25,,
2017-03-06,228,77.44736842105263,,
2017-03-07,12,7.900000000000001,,
2017-03-08,156,20.853846153846156,,
2017-03-09,36,32.13333333333334,,
2017-03-10,24,75.60000000000001,,
2017-03-12,24,7.7,,
2017-03-14,12,9.6,,
2017-03-15,180,44.086666666666666,,
2017-03-16,60,45.84,,
2017-03-17,60,26.42,,
2017-03-18,84,26.95714285714286,,
2017-03-19,24,6.6499999999999995,,
2017-03-21,12,15.1,,
2017-03-22,36,17.833333333333332,,
2017-03-23,144,180.78333333333333,,
2017-03-27,72,35.150000000000006,,
2017-03-30,12,20.5,,
2017-04-04,12,16.0,,
2017-04-06,12,5.8,,
2017-04-07,12,23.0,,
2017-04-10,36,48.43333333333334,,
2017-04-11,60,11.2,,
2017-04-12,48,61.15,,
2017-04-13,144,10.8,,
2017-04-14,228,102.81052631578947,,
2017-04-15,60,10.639999999999999,,
2017-04-16,12,7.400000000000001,,
2017-04-17,24,44.599999999999994,,
2017-04-18,24,31.200000000000003,,
2017-04-19,12,45.1,,
2017-04-20,36,34.13333333333333,,
2017-04-21,36,38.86666666666667,,
2017-04-25,72,48.7,,
2017-05-02,12,50.1,,
2017-05-03,12,42.4,,
2017-05-04,48,24.625,,
2017-05-05,12,86.8,,
2017-05-06,24,18.8,,
2017-05-08,60,39.440000000000005,,
2017-05-15,36,40.0,,
2017-05-16,36,66.4,,
2017-05-17,24,17.349999999999998,,
2017-05-20,12,6.0,,
2017-05-24,12,10.2,,
2017-05-25,24,12.0,,
2017-05-26,48,24.825000000000003,,
2017-05-30,48,32.5,,
2017-05-31,48,10.775,,
2017-06-01,72,59.88333333333334,,
2017-06-02,36,10.333333333333334,,
2017-06-03,24,25.099999999999998,,
2017-06-05,48,39.475,,
2017-06-09,108,112.9,,
2017-06-10,24,24.55,,
2017-06-11,120,187.67999999999998,,
2017-06-12,720,156.43833333333333,,
2017-06-13,144,27.766666666666666,,
2017-06-14,24,20.95,,
2017-06-17,36,12.200000000000001,,
2017-06-19,24,71.95,,
2017-06-24,12,53.79999999999999,,
2017-06-29,36,14.466666666666669,,
2017-07-01,12,51.20000000000001,,
2017-07-03,156,93.53846153846153,,
2017-07-04,144,454.4916666666666,,
2017-07-05,456,59.92894736842105,,
2017-07-06,468,192.45897435897436,,
2017-07-07,144,52.26666666666667,,
2017-07-08,180,111.58000000000001,,
2017-07-09,60,51.46,,
2017-07-10,12,84.2,,
2017-07-14,36,51.333333333333336,,
2017-07-15,12,7.2,,
2017-07-19,12,29.7,,
2017-07-22,24,48.6,,
2017-07-23,12,28.399999999999995,,
2017-07-26,12,16.4,,
2017-08-01,36,16.166666666666668,,
2017-08-05,12,14.300000000000002,,
2017-08-10,36,35.099999999999994,,
2017-08-15,24,48.25,,
2017-08-19,36,70.36666666666667,,
2017-08-26,12,15.199999999999998,,
2017-08-27,60,24.36,,
2017-08-28,24,34.75,,
2017-08-29,60,13.2,,
2017-08-30,12,47.1,,
2017-08-31,36,9.333333333333334,,
2017-09-02,48,80.425,,
2017-09-03,120,132.25,,
2017-09-04,72,24.683333333333334,,
2017-09-05,456,127.19473684210526,,
2017-09-06,252,243.53809523809522,,
2017-09-07,456,38.08421052631579,,
2017-09-08,108,34.15555555555556,,
2017-09-09,132,27.327272727272724,,
2017-09-10,120,40.28,,
2017-09-11,12,51.4,,
2017-09-12,36,43.86666666666667,,
2017-09-14,12,5.900000000000001,,
2017-09-18,48,133.25,,
2017-09-21,240,160.86499999999998,,
2017-09-22,72,49.733333333333334,,
2017-09-24,24,11.799999999999999,,
2017-09-26,12,19.3,,
2017-09-30,12,3.9,,
2017-10-02,12,6.8,,
2017-10-04,12,4.3,,
2017-10-06,12,11.199999999999998,,
2017-10-10,12,30.3,,
2017-10-11,24,28.75,,
2017-10-12,24,20.0,,
2017-10-15,36,12.833333333333334,,
2017-10-16,84,19.3,,
2017-10-17,96,54.0875,,
2017-10-18,108,18.11111111111111,,
2017-10-19,132,80.36363636363636,,
2017-10-20,36,33.23333333333333,,
2017-10-22,36,6.433333333333334,,
2017-10-23,48,33.875,,
2017-10-24,84,36.12857142857143,,
2017-10-25,348,32.48620689655173,,
2017-10-29,144,44.45,,
2017-11-03,24,31.299999999999997,,
2017-11-07,24,99.35000000000001,,
2017-11-08,12,14.199999999999998,,
2017-11-09,24,122.14999999999999,,
2017-11-10,36,66.16666666666667,,
2017-11-11,72,37.63333333333333,,
2017-11-13,108,99.32222222222221,,
2017-11-14,60,63.7,,
2017-11-15,84,87.21428571428571,,
2017-11-16,84,37.11428571428572,,
2017-11-24,24,12.799999999999999,,
2017-11-26,24,6.699999999999999,,
2017-11-28,12,5.5,,
2017-11-29,156,114.86153846153847,,
2017-11-30,168,33.40714285714286,,
2017-12-01,24,11.950000000000001,,
2017-12-02,24,10.450000000000001,,
2017-12-05,12,10.3,,
2017-12-07,36,27.666666666666668,,
2017-12-08,24,16.150000000000002,,
2017-12-09,36,6.0,,
2017-12-10,108,83.07777777777777,,
2017-12-11,120,25.470000000000002,,
2017-12-12,120,26.45,,
2017-12-13,36,53.7,,
2017-12-15,60,73.26,,
2017-12-17,12,8.5,,
2017-12-19,72,38.583333333333336,,
2017-12-20,36,160.66666666666666,,
2017-12-28,48,41.85,,
2017-12-30,12,5.400000000000001,,
2018-04-01,4,5.7625,,
2018-04-02,2,5.37,,
2018-04-03,18,14.488888888888889,,
2018-04-04,10,9.238,,
2018-04-05,20,2.7024999999999997,,
2018-04-08,10,7.601000000000001,,
2018-04-09,2,3.955,,
2018-04-10,5,1.8820000000000001,,
2018-04-11,3,6.756666666666668,,
2018-04-13,2,2.13,,
2018-04-14,5,16.542,,
2018-04-15,8,6.8675,,
2018-04-16,4,6.5625,,
2018-04-17,36,42.08833333333334,,
2018-04-18,29,2.286206896551724,,
2018-04-19,8,5.6325,,
2018-04-21,1,35.84,,
2018-04-22,2,1.3,,
2018-04-24,1,0.79,,
2018-04-25,6,15.176666666666668,,
2018-04-26,7,3.5328571428571425,,
2018-04-27,12,23.951666666666668,,
2018-04-28,4,3.65,,
2018-04-29,3,1.9733333333333334,,
2018-04-30,2,3.3499999999999996,,
2018-05-01,2,4.81,,
2018-05-03,1,1.29,,
2018-05-04,5,6.114000000000001,,
2018-05-05,8,6.3862499999999995,,
2018-05-06,5,0.818,,
2018-05-07,4,2.16,,
2018-05-09,7,0.8814285714285715,,
2018-05-10,9,3.07,,
2018-05-11,1,0.79,,
2018-05-14,3,1.79,,
2018-05-15,2,10.215,,
2018-05-16,2,6.595,,
2018-05-17,4,0.755,,
2018-05-18,5,0.546,,
2018-05-21,3,1.8033333333333335,,
2018-05-23,4,0.76,,
2018-05-24,4,0.9425,,
2018-05-25,12,4.5625,,
2018-05-26,13,2.106923076923077,,
2018-05-27,18,85.93611111111112,,
2018-05-28,14,1.2135714285714287,,
2018-05-30,2,1.4,,
2018-05-31,8,4.5575,,
2018-06-01,46,91.71369565217391,,
2018-06-02,79,6.455443037974684,,
2018-06-03,29,2.6613793103448278,,
2018-06-04,6,6.739999999999999,,
2018-06-05,100,14.8826,,
2018-06-06,40,3.99675,,
2018-06-07,76,20.414210526315788,,
2018-06-08,114,10.103421052631578,,
2018-06-09,133,46.748270676691725,,
2018-06-10,310,23.077161290322582,,
2018-06-11,295,11.419457627118643,,
2018-06-12,282,19.56003546099291,,
2018-06-13,274,9.30868613138686,,
2018-06-14,79,4.744050632911392,,
2018-06-15,48,26.90895833333333,,
2018-06-17,3,0.8300000000000001,,
2018-06-18,3,2.03,,
2018-06-19,2,1.37,,
2018-06-20,1,0.77,,
2018-06-21,4,8.65,,
2018-06-22,2,3.69,,
2018-06-23,13,0.7,,
2018-06-24,14,4.103571428571429,,
2018-06-25,18,9.79277777777778,,
2018-06-26,42,11.385238095238096,,
2018-06-27,69,6.251159420289855,,
2018-06-28,316,47.885253164556964,,
2018-06-29,809,11.759456118665017,,
2018-06-30,421,20.132589073634204,,
2018-07-01,347,26.135100864553312,,
2018-07-02,549,26.34169398907104,,
2018-07-03,484,6.5230578512396695,,
2018-07-04,235,24.225021276595744,,
2018-07-05,371,5.493989218328841,,
2018-07-06,53,6.621698113207547,,
2018-07-07,56,7.143571428571429,,
2018-07-08,73,17.80041095890411,,
2018-07-09,36,7.4494444444444445,,
2018-07-10,26,1.2284615384615383,,
2018-07-11,9,1.3422222222222222,,
2018-07-12,21,2.7942857142857145,,
2018-07-13,10,3.7150000000000007,,
2018-07-14,15,1.7166666666666666,,
2018-07-15,9,2.5999999999999996,,
2018-07-16,2,0.955,,
2018-07-17,8,1.04875,,
2018-07-18,15,11.413333333333332,,
2018-07-19,16,58.58375,,
2018-07-20,134,14.632910447761194,,
2018-07-21,37,3.3151351351351352,,
2018-07-22,5,2.852,,
2018-07-23,49,11.723673469387755,,
2018-07-24,34,23.65558823529412,,
2018-07-25,33,1.2760606060606061,,
2018-07-26,20,6.536,,
2018-07-27,35,3.7451428571428576,,
2018-07-28,56,38.57714285714286,,
2018-07-29,56,21.28839285714286,,
2018-07-30,169,13.421301775147928,,
2018-07-31,256,21.3960546875,,
2018-08-01,233,5.747467811158798,,
2018-08-02,163,10.403006134969326,,
2018-08-03,5,22.619999999999997,,
2018-08-04,82,16.38463414634146,,
2018-08-05,53,23.028867924528303,,
2018-08-06,68,8.815588235294118,,
2018-08-07,176,7.138181818181818,,
2018-08-08,258,20.50003875968992,,
2018-08-09,254,20.922086614173228,,
2018-08-10,219,11.85675799086758,,
2018-08-11,207,9.398019323671496,,
2018-08-12,211,7.870236966824644,,
2018-08-13,329,38.01124620060791,,
2018-08-14,258,17.137868217054262,,
2018-08-15,179,33.85251396648045,,
2018-08-16,145,5.535172413793104,,
2018-08-17,42,2.658095238095238,,
2018-08-18,27,12.342222222222222,,
2018-08-19,58,7.46,,
2018-08-20,61,7.3762295081967215,,
2018-08-21,21,2.139047619047619,,
2018-08-23,6,3.185,,
2018-08-24,5,1.7260000000000002,,
2018-08-25,10,12.33,,
2018-08-26,7,0.8285714285714285,,
2018-08-27,4,14.2375,,
2018-08-28,8,2.1399999999999997,,
2018-08-29,12,26.511666666666667,,
2018-08-30,12,7.778333333333333,,
2018-08-31,8,1.07125,,
2018-09-01,8,6.4625,,
2018-09-02,15,8.889999999999999,,
2018-09-03,3,145.94000000000003,,
2018-09-04,41,15.444634146341464,,
2018-09-05,26,7.702692307692308,,
2018-09-06,2,1.15,,
2018-09-07,2,1.2149999999999999,,
2018-09-08,14,7.78,,
2018-09-09,28,23.89392857142857,,
2018-09-10,57,26.625964912280704,,
2018-09-11,28,4.904642857142858,,
2018-09-12,31,16.45935483870968,,
2018-09-13,246,42.10186991869919,,
2018-09-14,401,15.385087281795512,,
2018-09-15,175,22.3996,,
2018-09-16,142,38.87380281690141,,
2018-09-17,137,4.635985401459854,,
2018-09-18,66,21.80818181818182,,
2018-09-19,62,1.8735483870967742,,
2018-09-20,15,4.494,,
2018-09-21,72,10.850833333333334,,
2018-09-22,150,27.859333333333332,,
2018-09-23,129,4.733488372093023,,
2018-09-24,22,1.9377272727272727,,
2018-09-25,24,4.439166666666666,,
2018-09-26,24,4.645833333333333,,
2018-09-27,40,7.1259999999999994,,
2018-09-28,64,3.58390625,,
2018-09-29,57,27.06947368421053,,
2018-09-30,87,16.276896551724136,,
2018-10-01,33,16.040606060606063,,
2018-10-02,7,3.1014285714285714,,
2018-10-03,7,0.8614285714285714,,
2018-10-04,1,2.2,,
2018-10-05,7,16.485714285714284,,
2018-10-10,1,4.36,,
2018-10-13,3,0.91,,
2018-10-15,7,11.104285714285714,,
2018-10-16,2,4.155,,
2018-10-18,2,9.795,,
2018-10-19,6,3.295,,
2018-10-20,2,0.8200000000000001,,
2018-10-21,2,4.800000000000001,,
2018-10-25,3,1.6766666666666667,,
2018-10-26,6,11.116666666666667,,
2018-10-27,5,17.008,,
2018-10-28,8,10.48625,,
2018-10-29,2,80.865,,
2018-10-31,6,8.24,,
2018-11-01,4,6.6275,,
2018-11-02,7,3.762857142857143,,
2018-11-03,1,3.8,,
2018-11-04,4,1.3425,,
2018-11-05,3,3.643333333333333,,
2018-11-06,5,1.918,,
2018-11-07,6,16.886666666666667,,
2018-11-08,3,4.74,,
2018-11-09,14,6.214285714285714,,
2018-11-10,4,2.63,,
2018-11-12,2,6.795,,
2018-11-13,11,11.26,,
2018-11-14,17,21.15058823529412,,
2018-11-15,28,8.097857142857142,,
2018-11-16,7,5.155714285714287,,
2018-11-17,12,3.4091666666666662,,
2018-11-19,6,11.674999999999999,,
2018-11-20,15,5.522,,
2018-11-21,10,2.428,,
2018-11-22,2,1.755,,
2018-11-23,7,4.225714285714285,,
2018-11-24,9,9.596666666666668,,
2018-11-25,2,2.4050000000000002,,
2018-11-26,5,20.887999999999998,,
2018-11-27,18,19.200555555555557,,
2018-11-28,11,7.393636363636364,,
2018-11-29,23,7.252608695652174,,
2018-11-30,9,3.4722222222222223,,
2018-12-01,2,1.095,,
2018-12-02,1,0.71,,
2018-12-04,4,10.74,,
2018-12-05,9,11.418888888888889,,
2018-12-07,15,3.562,,
2018-12-08,1,11.39,,
2018-12-09,1,3.24,,
2018-12-10,8,26.99875,,
2018-12-11,13,17.696153846153848,,
2018-12-12,6,5.21,,
2018-12-13,19,6.433684210526316,,
2018-12-14,7,5.505714285714285,,
2018-12-16,3,2.183333333333333,,
2018-12-17,2,0.9950000000000001,,
2018-12-18,1,3.61,,
2018-12-19,2,1.6,,
2018-12-20,2,2.2649999999999997,,
2018-12-21,1,1.89,,
2018-12-22,1,1.04,,
2018-12-23,2,1.9900000000000002,,
2018-12-24,1,4.27,,
2018-12-25,1,3.14,,
2018-12-28,1,3.67,,
2018-12-30,1,3.55,,
2019-01-02,1,3.06,,
2019-01-04,3,1.3499999999999999,,
2019-01-05,4,5.664999999999999,,
2019-01-07,3,1.2133333333333334,,
2019-01-08,5,12.61,,
2019-01-13,6,1.74,,
2019-01-14,4,6.2425,,
2019-01-15,3,1.78,,
2019-01-17,1,0.82,,
2019-01-18,4,0.9275,,
2019-01-19,4,4.8025,,
2019-01-24,1,11.86,,
2019-01-26,1,5.24,,
2019-01-27,1,2.31,,
2019-01-29,4,4.0075,,
2019-01-30,5,7.523999999999999,,
2019-01-31,9,15.07888888888889,,
2019-02-01,4,16.8625,,
2019-02-02,8,7.2387500000000005,,
2019-02-04,8,3.8175,,
2019-02-05,12,7.195833333333334,,
2019-02-08,10,12.501999999999999,,
2019-02-10,3,4.613333333333333,,
2019-02-11,11,18.80545454545455,,
2019-02-12,1,1.89,,
2019-02-13,4,5.7175,,
2019-02-14,2,0.76,,
2019-02-15,2,7.22,,
2019-02-16,1,1.38,,
2019-02-17,3,5.403333333333333,,
2019-02-19,1,3.45,,
2019-02-20,19,27.496842105263156,,
2019-02-22,1,6.96,,
2019-02-23,6,13.686666666666667,,
2019-02-24,1,0.69,,
2019-02-25,6,4.2299999999999995,,
2019-02-26,3,19.31,,
2019-02-27,1,38.2,,
2019-03-01,9,13.627777777777778,,
2019-03-04,1,7.55,,
2019-03-05,4,5.9325,,
2019-03-06,1,1.07,,
2019-03-07,5,10.262,,
2019-03-08,5,4.462,,
2019-03-09,4,1.3925,,
2019-03-10,1,2.39,,
2019-03-11,1,10.15,,
2019-03-12,5,3.6339999999999995,,
2019-03-15,2,3.505,,
2019-03-16,5,6.746,,
2019-03-17,6,2.138333333333333,,
2019-03-18,4,1.9749999999999999,,
2019-03-19,7,7.807142857142857,,
2019-03-20,6,4.2716666666666665,,
2019-03-23,2,6.26,,
2019-03-24,2,2.3449999999999998,,
2019-03-25,3,1.67,,
2019-03-26,7,5.141428571428571,,
2019-03-27,7,14.517142857142858,,
2019-03-28,8,6.96125,,
2019-03-29,2,5.24,,
2019-03-30,2,6.404999999999999,,
2019-03-31,2,3.675,,
2019-04-01,10,10.439,,
2019-04-02,4,46.6175,,
2019-04-03,2,2.855,,
2019-04-04,9,4.162222222222223,,
2019-04-06,10,3.7380000000000004,,
2019-04-07,12,5.923333333333333,,
2019-04-08,4,3.9749999999999996,,
2019-04-09,8,5.22875,,
2019-04-10,3,0.71,,
2019-04-11,1,5.91,,
2019-04-12,2,0.91,,
2019-04-14,2,3.54,,
2019-04-15,1,0.57,,
2019-04-16,4,4.9775,,
2019-04-17,2,4.71,,
2019-04-18,3,27.776666666666667,,
2019-04-19,15,13.450666666666667,,
2019-04-20,20,19.456,,
2019-04-21,3,1.4166666666666667,,
2019-04-22,2,1.975,,
2019-04-23,2,3.7,,
2019-04-24,8,1.795,,
2019-04-25,3,1.9633333333333332,,
2019-04-26,11,2.3318181818181816,,
2019-04-27,4,1.2975,,
2019-04-28,2,5.895,,
2019-04-29,1,1.59,,
2019-05-01,1,8.36,,
2019-05-02,3,2.44,,
2019-05-03,2,2.355,,
2019-05-04,4,1.6975,,
2019-05-05,4,12.032499999999999,,
2019-05-06,8,16.3625,,
2019-05-07,11,13.157272727272728,,
2019-05-08,1,0.96,,
2019-05-12,2,2.1,,
2019-05-13,14,17.96857142857143,,
2019-05-14,49,9.77795918367347,,
2019-05-15,9,13.97888888888889,,
2019-05-16,7,12.382857142857144,,
2019-05-17,4,2.4825,,
2019-05-18,6,2.595,,
2019-05-19,2,1.7000000000000002,,
2019-05-22,1,1.77,,
2019-05-24,6,2.9583333333333335,,
2019-05-25,8,5.9625,,
2019-05-26,2,0.905,,
2019-05-27,4,2.6125,,
2019-05-28,8,13.15,,
2019-05-29,2,1.11,,
2019-05-30,3,1.42,,
2019-05-31,7,4.5842857142857145,,
2019-06-01,5,1.31,,
2019-06-02,4,1.2175,,
2019-06-03,15,6.031333333333333,,
2019-06-04,6,36.54333333333333,,
2019-06-05,4,0.8625,,
2019-06-06,5,3.094,,
2019-06-07,8,18.68375,,
2019-06-08,18,6.667222222222222,,
2019-06-09,15,39.34666666666667,,
2019-06-10,3,2.936666666666666,,
2019-06-11,5,4.8420000000000005,,
2019-06-12,4,1.3825,,
2019-06-13,4,6.4825,,
2019-06-14,5,8.392,,
2019-06-15,4,0.7625,,
2019-06-16,3,0.6133333333333334,,
2019-06-17,5,1.784,,
2019-06-19,3,3.1533333333333338,,
2019-06-20,12,2.2308333333333334,,
2019-06-21,3,0.68,,
2019-06-22,1,6.37,,
2019-06-24,24,6.442083333333334,,
2019-06-25,12,2.67,,
2019-06-26,10,2.026,,
2019-06-27,25,2.5816000000000003,,
2019-06-28,7,5.355714285714286,,
2019-06-29,6,6.943333333333334,,
2019-06-30,10,2.229,,
2019-07-01,1,6.84,,
2019-07-02,11,1.926363636363636,,
2019-07-03,4,1.67,,
2019-07-04,7,26.747142857142858,,
2019-07-05,4,1.36,,
2019-07-06,11,0.8754545454545454,,
2019-07-07,3,0.4066666666666667,,
2019-07-08,13,8.304615384615385,,
2019-07-09,17,12.880588235294118,,
2019-07-10,16,6.106875,,
2019-07-11,20,14.9635,,
2019-07-12,10,0.877,,
2019-07-13,4,0.98,,
2019-07-14,1,2.39,,
2019-07-15,4,0.4325,,
2019-07-16,3,7.676666666666667,,
2019-07-17,8,5.555,,
2019-07-18,24,24.64125,,
2019-07-19,30,2.9366666666666665,,
2019-07-20,7,3.787142857142857,,
2019-07-21,5,3.5340000000000003,,
2019-07-22,3,0.7000000000000001,,
2019-07-23,8,0.61875,,
2019-07-24,5,2.3259999999999996,,
2019-07-25,2,0.73,,
2019-07-27,2,2.42,,
2019-07-28,6,1.89,,
2019-07-29,15,9.79,,
2019-07-30,11,1.989090909090909,,
2019-07-31,4,1.405,,
2019-08-02,3,0.9033333333333333,,
2019-08-03,8,0.92875,,
2019-08-06,8,0.74875,,
2019-08-07,4,0.8274999999999999,,
2019-08-08,4,2.1174999999999997,,
2019-08-09,2,1.97,,
2019-08-10,3,2.67,,
2019-08-11,5,4.878,,
2019-08-12,5,6.442,,
2019-08-13,4,3.545,,
2019-08-14,9,0.911111111111111,,
2019-08-15,7,1.3128571428571427,,
2019-08-16,9,0.9355555555555556,,
2019-08-17,7,2.8642857142857143,,
2019-08-18,28,18.282142857142855,,
2019-08-19,13,2.9569230769230765,,
2019-08-20,39,19.645384615384614,,
2019-08-21,23,9.60217391304348,,
2019-08-22,5,1.6939999999999997,,
2019-08-23,6,1.6916666666666667,,
2019-08-24,26,3.8288461538461536,,
2019-08-25,18,4.158333333333333,,
2019-08-26,20,2.0395,,
2019-08-27,13,2.5115384615384615,,
2019-08-28,16,4.43375,,
2019-08-29,9,1.1066666666666667,,
2019-08-30,6,1.5899999999999999,,
2019-08-31,8,1.6525,,
2019-09-01,15,1.1926666666666668,,
2019-09-02,12,23.328333333333333,,
2019-09-03,7,2.684285714285714,,
2019-09-04,4,4.135,,
2019-09-05,6,18.49833333333333,,
2019-09-06,22,123.76954545454545,,
2019-09-07,40,30.148000000000003,,
2019-09-08,23,5.792173913043478,,
2019-09-09,29,6.3406896551724135,,
2019-09-10,28,8.604642857142858,,
2019-09-11,11,4.671818181818182,,
2019-09-12,13,9.304615384615385,,
2019-09-13,67,21.518955223880596,,
2019-09-14,71,13.026338028169015,,
2019-09-15,41,5.558536585365854,,
2019-09-16,5,13.825999999999999,,
2019-09-17,22,30.72409090909091,,
2019-09-18,5,8.054,,
2019-09-19,7,6.255714285714285,,
2019-09-20,7,1.8057142857142858,,
2019-09-21,5,6.3100000000000005,,
2019-09-22,15,18.313333333333333,,
2019-09-23,21,11.941904761904762,,
2019-09-24,16,7.56125,,
2019-09-25,22,8.122272727272728,,
2019-09-26,10,5.484,,
2019-09-27,16,2.07625,,
2019-09-28,7,34.00857142857143,,
2019-09-29,30,38.68933333333334,,
2019-09-30,51,35.431372549019606,,
2019-10-01,33,8.046363636363635,,
2019-10-02,164,36.05743902439024,,
2019-10-03,58,14.830517241379312,,
2019-10-04,23,6.730869565217391,,
2019-10-05,34,5.462647058823529,,
2019-10-06,30,5.171,,
2019-10-07,16,4.595,,
2019-10-08,27,5.12037037037037,,
2019-10-09,19,26.35,,
2019-10-10,12,2.2358333333333333,,
2019-10-12,16,8.75375,,
2019-10-13,37,40.87243243243243,,
2019-10-14,51,9.704705882352942,,
2019-10-15,34,10.866764705882353,,
2019-10-16,43,12.69906976744186,,
2019-10-17,31,21.66032258064516,,
2019-10-18,7,1.7100000000000002,,
2019-10-19,11,17.085454545454546,,
2019-10-20,8,12.7475,,
2019-10-21,4,1.5374999999999999,,
2019-10-22,6,2.1733333333333333,,
2019-10-23,4,1.31,,
2019-10-25,1,1.34,,
2019-10-26,5,4.426,,
2019-10-27,4,2.8225,,
2019-10-28,11,2.7454545454545456,,
2019-11-01,2,29.995,,
2019-11-02,7,8.907142857142857,,
2019-11-03,5,6.590000000000001,,
2019-11-04,9,13.22111111111111,,
2019-11-05,22,11.000454545454545,,
2019-11-06,7,4.131428571428571,,
2019-11-07,1,19.93,,
2019-11-08,8,3.0825,,
2019-11-09,6,11.61,,
2019-11-10,2,3.735,,
2019-11-12,3,1.3766666666666667,,
2019-11-13,4,33.1925,,
2019-11-15,2,3.65,,
2019-11-16,1,22.73,,
2019-11-17,1,3.65,,
2019-11-18,3,1.7333333333333332,,
2019-11-19,2,18.8,,
2019-11-23,2,0.9600000000000001,,
2019-11-24,4,2.235,,
2019-11-25,2,1.265,,
2019-12-03,17,9.432941176470587,,
2019-12-04,16,5.467499999999999,,
2019-12-06,8,4.65625,,
2019-12-08,1,0.99,,
2019-12-09,3,1.4799999999999998,,
2019-12-10,9,8.775555555555556,,
2019-12-11,2,3.0,,
2019-12-12,19,18.873684210526317,,
2019-12-16,2,17.305,,
2019-12-17,2,9.65,,
2019-12-20,1,0.88,,
2019-12-21,1,1.72,,
2020-01-03,2,3.165,,
2020-01-04,2,1.895,,
2020-01-05,2,0.85,,
2020-01-06,2,3.265,,
2020-01-08,2,1.225,,
2020-01-09,1,2.23,,
2020-01-10,5,14.084,,
2020-01-11,3,4.206666666666667,,
2020-01-14,1,17.88,,
2020-01-15,11,24.58090909090909,,
2020-01-19,3,6.613333333333333,,
2020-01-22,6,49.66833333333333,,
2020-01-23,6,12.655000000000001,,
2020-01-24,4,6.5175,,
2020-01-25,9,3.3055555555555554,,
2020-01-26,4,11.7025,,
2020-01-27,2,1.405,,
2020-01-28,12,14.546666666666667,,
2020-01-30,3,12.096666666666666,,
2020-01-31,4,2.61,,
2020-02-01,3,8.683333333333334,,
2020-02-02,2,67.91499999999999,,
2020-02-03,1,1.07,,
2020-02-05,7,10.56,,
2020-02-08,4,8.9125,,
2020-02-09,1,3.18,,
2020-02-10,1,1.97,,
2020-02-11,3,5.37,,
2020-02-12,2,4.575,,
2020-02-14,4,8.43,,
2020-02-16,5,13.431999999999999,,
2020-02-17,8,11.22,,
2020-02-18,2,19.02,,
2020-02-19,1,9.97,,
2020-02-20,4,5.0475,,
2020-02-21,2,9.035,,
2020-02-24,10,15.882,,
2020-02-26,3,7.696666666666666,,
2020-02-27,11,6.992727272727273,,
2020-02-28,4,2.8024999999999998,,
2020-02-29,2,0.815,,
2020-03-01,4,17.105,,
2020-03-02,5,5.476,,
2020-03-03,1,4.54,,
2020-03-04,12,9.675833333333333,,
2020-03-05,22,4.3522727272727275,,
2020-03-06,13,6.143846153846154,,
2020-03-07,18,6.051111111111111,,
2020-03-08,3,1.6433333333333333,,
2020-03-09,4,4.445,,
2020-03-10,2,2.575,,
2020-03-11,11,4.214545454545455,,
2020-03-12,2,2.045,,
2020-03-14,2,3.36,,
2020-03-15,1,2.12,,
2020-03-16,4,3.4350000000000005,,
2020-03-17,2,3.68,,
2020-03-18,2,1.365,,
2020-03-20,1,5.93,,
2020-03-21,4,1.92,,
2020-03-22,8,6.4325,,
2020-03-23,3,3.3533333333333335,,
2020-03-24,8,5.8125,,
2020-03-25,2,0.915,,
2020-03-26,3,1.0,,
2020-03-27,3,1.03,,
2020-03-29,6,1.7716666666666665,,
2020-03-31,10,3.6199999999999997,,
2020-04-01,5,20.552,,
2020-04-02,3,2.0,,
2020-04-03,7,9.73,,
2020-04-04,9,4.974444444444444,,
2020-04-05,3,1.8333333333333333,,
2020-04-06,10,5.973000000000001,,
2020-04-07,15,21.575333333333333,,
2020-04-08,12,4.270833333333333,,
2020-04-09,5,3.04,,
2020-04-10,9,7.814444444444444,,
2020-04-11,11,49.13272727272727,,
2020-04-12,17,19.878235294117648,,
2020-04-14,11,4.635454545454546,,
2020-04-15,12,5.526666666666667,,
2020-04-17,4,2.5725000000000002,,
2020-04-18,3,1.5733333333333333,,
2020-04-19,4,1.8025,,
2020-04-20,4,1.7525,,
2020-04-21,8,1.86875,,
2020-04-22,4,5.7225,,
2020-04-23,2,0.48,,
2020-04-25,7,28.37142857142857,,
2020-04-26,1,1.56,,
2020-04-27,13,4.233846153846153,,
2020-04-28,5,2.254,,
2020-04-29,9,13.37,,
2020-04-30,3,3.64,,
2020-05-01,3,2.77,,
2020-05-02,2,1.25,,
2020-05-04,5,6.566,,
2020-05-05,6,5.8,,
2020-05-06,2,0.63,,
2020-05-07,5,2.902,,
2020-05-08,6,1.6983333333333333,,
2020-05-09,7,1.2842857142857143,,
2020-05-10,4,4.2475,,
2020-05-11,1,2.03,,
2020-05-14,2,0.875,,
2020-05-15,2,1.605,,
2020-05-16,3,9.763333333333334,,
2020-05-17,5,1.442,,
2020-05-19,3,1.06,,
2020-05-20,10,9.254000000000001,,
2020-05-21,110,18.62890909090909,,
2020-05-22,64,39.71921875,,
2020-05-23,93,4.336559139784947,,
2020-05-25,1,1.12,,
2020-05-26,3,2.4966666666666666,,
2020-05-27,3,1.2966666666666666,,
2020-05-28,2,0.565,,
2020-05-29,3,5.773333333333333,,
2020-05-30,2,0.8200000000000001,,
2020-06-01,4,26.445,,
2020-06-02,14,15.225714285714286,,
2020-06-03,6,1.0166666666666666,,
2020-06-04,4,1.175,,
2020-06-05,26,31.063846153846157,,
2020-06-06,27,1.315925925925926,,
2020-06-07,4,0.5175,,
2020-06-08,19,26.493684210526315,,
2020-06-09,17,7.144705882352942,,
2020-06-10,6,1.79,,
2020-06-11,5,2.342,,
2020-06-12,15,47.26933333333333,,
2020-06-13,4,1.1400000000000001,,
2020-06-14,10,134.28799999999998,,
2020-06-15,154,29.176493506493507,,
2020-06-16,12,15.926666666666668,,
2020-06-17,26,7.2092307692307696,,
2020-06-18,22,1.5436363636363637,,
2020-06-20,10,4.022,,
2020-06-21,10,2.394,,
2020-06-22,7,1.3771428571428572,,
2020-06-23,5,0.522,,
2020-06-24,1,1.11,,
2020-06-25,5,1.6019999999999999,,
2020-06-26,7,5.33,,
2020-06-27,22,23.296818181818182,,
2020-06-28,22,38.54,,
2020-06-29,6,1.9483333333333335,,
2020-06-30,8,3.55625,,
2020-07-01,1,0.72,,
2020-07-02,2,1.1949999999999998,,
2020-07-03,1,0.38,,
2020-07-04,3,15.07,,
2020-07-05,2,1.0550000000000002,,
2020-07-07,55,29.44018181818182,,
2020-07-08,2,0.495,,
2020-07-09,18,4.189444444444444,,
2020-07-10,2,1.9,,
2020-07-11,1,1.14,,
2020-07-12,3,2.97,,
2020-07-13,19,92.31631578947368,,
2020-07-14,4,122.0025,,
2020-07-15,24,27.701666666666668,,
2020-07-16,19,2.0431578947368423,,
2020-07-18,6,1.61,,
2020-07-20,4,1.325,,
2020-07-21,4,1.0175,,
2020-07-22,4,1.9975,,
2020-07-23,4,18.5025,,
2020-07-25,5,0.9640000000000001,,
2020-07-29,1,4.49,,
2020-07-30,2,0.33999999999999997,,
2020-07-31,7,1.7328571428571429,,
2020-08-01,22,4.040909090909091,,
2020-08-02,48,25.60083333333333,,
2020-08-03,45,17.942666666666664,,
2020-08-04,30,47.78366666666667,,
2020-08-05,113,13.68495575221239,,
2020-08-06,84,8.85,,
2020-08-07,124,43.417177419354836,,
2020-08-08,210,22.329285714285714,,
2020-08-09,139,21.307769784172663,,
2020-08-10,178,27.016629213483146,,
2020-08-11,328,26.55646341463415,,
2020-08-12,308,33.83993506493507,,
2020-08-13,450,38.11226666666667,,
2020-08-14,590,32.229542372881355,,
2020-08-15,746,34.411890080428954,,
2020-08-16,914,12.765962800875274,,
2020-08-17,618,13.585922330097087,,
2020-08-18,529,8.466767485822306,,
2020-08-19,852,18.962300469483566,,
2020-08-20,227,9.759251101321585,,
2020-08-21,165,18.340606060606063,,
2020-08-22,292,18.20085616438356,,
2020-08-23,564,12.212978723404255,,
2020-08-24,182,22.97236263736264,,
2020-08-25,164,9.106158536585367,,
2020-08-26,48,6.420833333333333,,
2020-08-27,59,11.79728813559322,,
2020-08-28,56,31.032857142857143,,
2020-08-29,3,1.0233333333333332,,
2020-08-30,5,7.006,,
2020-08-31,5,2.8520000000000003,,
2020-09-01,1,1.05,,
2020-09-02,7,8.277142857142858,,
2020-09-03,11,44.581818181818186,,
2020-09-04,85,11.4,,
2020-09-05,93,73.90387096774192,,
2020-09-06,600,34.25338333333333,,
2020-09-07,1169,30.878674080410605,,
2020-09-11,4,1.79,,
2020-09-12,4,2.6725000000000003,,
2020-09-13,16,15.913125,,
2020-09-14,51,8.858823529411765,,
2020-09-15,64,6.94140625,,
2020-09-16,74,21.016081081081083,,
2020-09-17,85,12.354470588235296,,
2020-09-18,83,6.799397590361446,,
2020-09-19,59,4.498813559322034,,
2020-09-20,49,31.30142857142857,,
2020-09-21,82,11.152317073170732,,
2020-09-22,69,2.286521739130435,,
2020-09-23,29,4.598275862068966,,
2020-09-24,46,8.267826086956521,,
2020-09-25,238,30.530252100840336,,
2020-09-26,401,44.28508728179551,,
2020-09-27,128,2.4084375,,
2020-09-28,36,5.412222222222223,,
2020-09-29,67,11.372238805970149,,
2020-09-30,175,17.029714285714284,,
2020-10-01,304,23.639967105263157,,
2020-10-02,280,29.24217857142857,,
2020-10-03,245,13.540612244897961,,
2020-10-04,103,15.838737864077672,,
2020-10-05,411,24.273138686131386,,
2020-10-06,301,15.844285714285714,,
2020-10-07,329,25.50844984802432,,
2020-10-08,372,26.066290322580645,,
2020-10-09,324,21.271265432098765,,
2020-10-10,227,10.35533039647577,,
2020-10-11,125,11.494159999999999,,
2020-10-12,12,2.8033333333333332,,
2020-10-13,23,10.30782608695652,,
2020-10-14,393,60.68910941475827,,
2020-10-15,158,17.817151898734178,,
2020-10-16,373,58.95927613941019,,
2020-10-17,619,14.926478190630048,,
2020-10-18,92,10.330652173913045,,
2020-10-19,228,9.41298245614035,,
2020-10-20,335,13.089910447761193,,
2020-10-21,474,39.8404641350211,,
2020-10-22,2917,46.06222488858417,,
2020-10-23,184,4.030434782608696,,
2020-10-24,382,10.682748691099476,,
2020-10-28,2,1.31,,
2020-10-29,3,1.2566666666666666,,
2020-10-30,6,2.7566666666666664,,
2020-10-31,2,3.9349999999999996,,
2020-11-01,3,0.6566666666666667,,
2020-11-02,2,1.0,,
2020-11-04,13,4.01,,
2020-11-05,2,1.35,,
2020-11-06,2,0.75,,
2020-11-07,1,2.76,,
2020-11-08,5,3.632,,
2020-11-09,3,1.0066666666666666,,
2020-11-10,3,4.43,,
2020-11-11,1,1.35,,
2020-11-12,10,7.718000000000001,,
2020-11-13,7,3.577142857142857,,
2020-11-14,3,1.0733333333333333,,
2020-11-15,2,4.615,,
2020-11-16,4,3.0375,,
2020-11-17,3,2.0100000000000002,,
2020-11-18,5,32.803999999999995,,
2020-11-19,26,14.82076923076923,,
2020-11-20,3,0.65,,
2020-11-21,1,8.35,,
2020-11-22,6,1.1083333333333334,,
2020-11-23,1,3.1,,
2020-11-25,4,3.055,,
2020-11-26,5,2.186,,
2020-11-27,1,2.94,,
2020-11-28,4,1.3225,,
2020-11-30,2,4.115,,
2020-12-01,1,0.85,,
2020-12-02,1,4.72,,
2020-12-03,4,9.344999999999999,,
2020-12-04,5,4.21,,
2020-12-05,1,0.68,,
2020-12-06,2,1.565,,
2020-12-07,2,1.8299999999999998,,
2020-12-08,3,1.2166666666666666,,
2020-12-09,8,20.161250000000003,,
2020-12-11,1,5.34,,
2020-12-12,7,9.059999999999999,,
2020-12-13,4,47.65,,
2020-12-15,1,10.83,,
2020-12-16,7,5.628571428571428,,
2020-12-17,7,7.87,,
2020-12-18,2,2.01,,
2020-12-19,1,2.52,,
2020-12-20,1,4.71,,
2020-12-21,2,1.2349999999999999,,
2020-12-22,29,8.712068965517242,,
2020-12-23,3,2.0933333333333333,,
2020-12-24,2,2.695,,
2020-12-26,2,4.5,,
2020-12-27,3,1.8966666666666667,,
2021-01-01,1,4.87,,
2021-01-02,2,1.44,,
2021-01-03,2,1.375,,
2021-01-05,5,6.372,,
2021-01-06,2,2.1799999999999997,,
2021-01-07,2,2.815,,
2021-01-08,1,10.66,,
2021-01-11,2,4.6850000000000005,,
2021-01-12,6,10.956666666666665,,
2021-01-13,1,5.44,,
2021-01-14,4,2.19,,
2021-01-15,8,18.48875,,
2021-01-16,2,4.105,,
2021-01-17,1,0.74,,
2021-01-18,1,1.53,,
2021-01-19,1,2.75,,
2021-01-20,8,17.74875,,
2021-01-21,5,4.396,,
2021-01-22,2,2.065,,
2021-01-23,2,1.44,,
2021-01-24,1,1.73,,
2021-01-25,1,7.7,,
2021-01-27,6,6.896666666666666,,
2021-01-28,1,1.47,,
2021-01-29,2,4.76,,
2021-01-30,1,1.26,,
2021-01-31,2,1.16,,
2021-02-02,2,1.1,,
2021-02-03,1,0.85,,
2021-02-04,1,8.87,,
2021-02-05,1,2.53,,
2021-02-06,1,1.37,,
2021-02-07,1,2.52,,
2021-02-08,4,10.1175,,
2021-02-11,1,3.09,,
2021-02-13,1,0.73,,
2021-02-19,2,4.21,,
2021-02-20,2,1.8900000000000001,,
2021-02-21,1,4.22,,
2021-02-22,2,10.254999999999999,,
2021-02-23,2,0.5800000000000001,,
2021-02-24,3,2.08,,
2021-02-25,4,9.215,,
2021-02-26,5,13.578,,
2021-02-27,6,22.179999999999996,,
2021-02-28,1,3.79,,
2021-03-01,7,2.5542857142857143,,
2021-03-02,6,10.525,,
2021-03-03,5,3.8240000000000003,,
2021-03-04,1,3.11,,
2021-03-05,1,3.02,,
2021-03-06,1,3.85,,
2021-03-07,5,2.818,,
2021-03-08,3,12.966666666666667,,
2021-03-09,5,3.096,,
2021-03-10,4,5.2700000000000005,,
2021-03-11,4,3.36,,
2021-03-12,6,2.9033333333333338,,
2021-03-15,5,2.478,,
2021-03-17,5,4.308,,
2021-03-18,6,5.946666666666666,,
2021-03-19,21,7.322857142857143,,
2021-03-20,5,28.862000000000002,,
2021-03-21,5,1.8780000000000001,,
2021-03-23,4,3.565,,
2021-03-24,1,4.85,,
2021-03-25,6,4.178333333333334,,
2021-03-26,4,10.88,,
2021-03-27,3,1.93,,
2021-03-28,5,2.364,,
2021-03-29,4,25.0775,,
2021-03-30,18,9.84388888888889,,
2021-03-31,19,8.26,,
2021-04-01,8,3.85625,,
2021-04-02,7,4.214285714285714,,
2021-04-03,5,6.192,,
2021-04-04,1,0.78,,
2021-04-05,8,22.025,,
2021-04-07,6,35.904999999999994,,
2021-04-08,7,14.382857142857143,,
2021-04-09,11,6.344545454545455,,
2021-04-10,8,3.26375,,
2021-04-11,8,75.83625,,
2021-04-12,15,18.969333333333335,,
2021-04-14,6,4.7749999999999995,,
2021-04-16,1,2.1,,
2021-04-18,4,1.935,,
2021-04-20,2,6.8100000000000005,,
2021-04-22,1,1.59,,
2021-04-23,2,5.405,,
2021-04-24,1,0.87,,
2021-04-25,1,4.96,,
2021-04-26,4,1.1075,,
2021-04-27,1,0.54,,
2021-04-28,1,1.0,,
2021-04-29,12,22.075000000000003,,
2021-04-30,8,18.353749999999998,,
2021-05-01,3,13.58,,
2021-05-04,2,4.574999999999999,,
2021-05-05,1,1.25,,
2021-05-06,10,15.181000000000001,,
2021-05-07,83,24.088192771084337,,
2021-05-08,1,1.18,,
2021-05-09,11,19.326363636363638,,
2021-05-12,21,21.013333333333332,,
2021-05-13,8,1.6862499999999998,,
2021-05-14,5,2.2159999999999997,,
2021-05-15,10,1.6079999999999999,,
2021-05-16,1,1.09,,
2021-05-19,2,2.39,,
2021-05-20,6,2.1300000000000003,,
2021-05-21,2,1.075,,
2021-05-22,1,1.95,,
2021-05-24,10,3.425,,
2021-05-25,8,2.9575,,
2021-05-26,4,1.0699999999999998,,
2021-05-28,10,5.925,,
2021-05-29,5,1.29,,
2021-05-31,1,0.69,,
2021-06-01,1,0.5,,
2021-06-02,3,12.526666666666666,,
2021-06-03,5,10.878,,
2021-06-04,16,6.499375,,
2021-06-05,9,3.3055555555555554,,
2021-06-06,2,18.025,,
2021-06-07,3,6.526666666666666,,
2021-06-08,24,56.58208333333334,,
2021-06-09,8,0.795,,
2021-06-10,3,0.6733333333333333,,
2021-06-11,4,1.0875,,
2021-06-12,2,1.125,,
2021-06-13,2,3.435,,
2021-06-14,5,1.598,,
2021-06-15,4,0.545,,
2021-06-16,5,2.996,,
2021-06-17,4,6.37,,
2021-06-19,15,24.662,,
2021-06-20,53,99.74415094339622,,
2021-06-21,256,6.2958203125,,
2021-06-22,148,16.09445945945946,,
2021-06-23,409,4.669926650366748,,
2021-06-24,12,5.145833333333333,,
2021-06-25,1,0.41,,
2021-06-28,1,0.38,,
2021-06-30,3,1.2533333333333334,,
2021-07-01,1,9.69,,
2021-07-02,4,0.2875,,
2021-07-03,4,2.54,,
2021-07-04,4,0.785,,
2021-07-05,17,9.66,,
2021-07-06,3,7.153333333333333,,
2021-07-07,5,3.804,,
2021-07-08,5,63.27,,
2021-07-09,2,1.17,,
2021-07-10,189,25.658412698412697,,
2021-07-11,93,28.599462365591396,,
2021-07-12,134,12.387388059701493,,
2021-07-13,2,1.135,,
2021-07-14,3,1.86,,
2021-07-15,7,4.051428571428572,,
2021-07-16,4,1.5725,,
2021-07-17,3,6.386666666666667,,
2021-07-18,7,5.644285714285715,,
2021-07-19,47,10.552127659574468,,
2021-07-20,43,5.851162790697674,,
2021-07-21,1,2.94,,
2021-07-22,12,12.920833333333334,,
2021-07-23,3,1.5,,
2021-07-24,4,0.8999999999999999,,
2021-07-25,2,78.75,,
2021-07-26,18,23.910555555555554,,
2021-07-27,29,18.86896551724138,,
2021-07-28,53,7.599245283018868,,
2021-07-29,32,14.9903125,,
2021-07-30,1,0.72,,
2021-07-31,2,1.55,,
2021-08-02,2,0.995,,
2021-08-05,3,4.3133333333333335,,
2021-08-06,3,6.136666666666667,,
2021-08-07,2,0.665,,
2021-08-08,3,0.8766666666666666,,
2021-08-09,2,1.3450000000000002,,
2021-08-10,2,1.055,,
2021-08-11,2,0.96,,
2021-08-13,2,0.51,,
2021-08-14,3,0.7633333333333333,,
2021-08-15,4,1.24,,
2021-08-16,6,6.013333333333333,,
2021-08-18,1,0.26,,
2021-08-20,1,1.22,,
2021-08-22,6,2.9800000000000004,,
2021-08-23,4,2.2125000000000004,,
2021-08-24,3,0.6466666666666666,,
2021-08-25,3,1.1133333333333335,,
2021-08-26,2,0.9949999999999999,,
2021-08-27,3,2.813333333333333,,
2021-08-28,47,39.685744680851066,,
2021-08-29,23,25.369565217391305,,
2021-08-30,22,20.050454545454546,,
2021-08-31,42,10.581428571428571,,
2021-09-01,11,0.9127272727272726,,
2021-09-02,3,0.8833333333333334,,
2021-09-03,1,0.61,,
2021-09-04,2,0.48,,
2021-09-05,3,1.1533333333333333,,
2021-09-06,7,2.8200000000000003,,
2021-09-07,6,3.203333333333333,,
2021-09-08,1,1.66,,
2021-09-09,1,1.1,,
2021-09-10,7,3.972857142857143,,
2021-09-11,6,3.348333333333333,,
2021-09-12,11,2.5681818181818183,,
2021-09-13,4,1.3199999999999998,,
2021-09-14,5,1.41,,
2021-09-15,3,0.6766666666666667,,
2021-09-16,4,1.09,,
2021-09-17,2,0.6599999999999999,,
2021-09-18,1,0.85,,
2021-09-19,1,7.02,,
2021-09-20,3,1.4400000000000002,,
2021-09-22,4,3.315,,
2021-09-23,9,2.2744444444444443,,
2021-09-24,6,5.916666666666667,,
2021-09-25,2,1.19,,
2021-09-26,2,1.62,,
2021-09-27,3,16.456666666666667,,
2021-09-28,4,4.4399999999999995,,
2021-09-29,1,0.55,,
2021-10-02,1,1.03,,
2021-10-03,6,1.3966666666666665,,
2021-10-04,4,1.4075,,
2021-10-05,11,9.348181818181818,,
2021-10-06,4,1.1749999999999998,,
2021-10-07,5,8.156,,
2021-10-08,6,4.288333333333333,,
2021-10-09,19,23.182105263157894,,
2021-10-10,1,1.86,,
2021-10-11,6,2.7133333333333334,,
2021-10-12,2,1.585,,
2021-10-13,1,1.5,,
2021-10-15,5,10.708,,
2021-10-16,4,2.22,,
2021-10-17,2,0.61,,
2021-10-18,13,39.33692307692308,,
2021-10-19,6,3.6016666666666666,,
2021-10-20,15,10.033333333333333,,
2021-10-21,1,2.16,,
2021-10-22,6,3.6783333333333332,,
2021-10-23,2,2.08,,
2021-10-25,14,69.11642857142856,,
2021-10-26,8,0.985,,
2021-10-27,4,2.04,,
2021-10-28,8,3.8225,,
2021-10-29,3,2.236666666666667,,
2021-10-30,1,1.13,,
2021-10-31,2,0.88,,
2021-11-01,2,2.315,,
2021-11-02,3,2.5366666666666666,,
2021-11-03,5,2.8280000000000003,,
2021-11-04,3,2.883333333333333,,
2021-11-05,7,6.6414285714285715,,
2021-11-06,2,0.845,,
2021-11-07,3,1.5899999999999999,,
2021-11-08,4,8.2025,,
2021-11-11,1,6.45,,
2021-11-12,3,1.4933333333333334,,
2021-11-13,2,1.915,,
2021-11-15,4,5.595,,
2021-11-16,5,33.517999999999994,,
2021-11-17,5,2.628,,
2021-11-19,5,4.89,,
2021-11-20,2,1.3450000000000002,,
2021-11-22,4,5.72,,
2021-11-23,2,1.445,,
2021-11-25,1,0.56,,
2021-11-26,3,2.19,,
2021-11-27,2,0.87,,
2021-11-28,1,1.1,,
2021-11-29,1,0.92,,
2021-11-30,3,5.9799999999999995,,
2021-12-01,1,3.12,,
2021-12-02,8,8.03125,,
2021-12-03,2,0.905,,
2021-12-04,4,8.345,,
2021-12-05,3,1.53,,
2021-12-08,4,1.795,,
2021-12-09,5,2.4579999999999997,,
2021-12-10,2,1.385,,
2021-12-12,1,3.93,,
2021-12-13,3,31.39,,
2021-12-14,7,12.812857142857142,,
2021-12-15,2,1.9,,
2021-12-16,8,11.3775,,
2021-12-18,1,1.7,,
2021-12-19,2,4.29,,
2021-12-20,3,6.013333333333333,,
2021-12-21,7,17.255714285714284,,
2021-12-22,7,16.330000000000002,,
2021-12-23,5,3.786,,
2021-12-24,2,1.3199999999999998,,
2021-12-25,1,0.72,,
2021-12-27,1,0.68,,
2021-12-30,47,57.37851063829787,,
2021-12-31,30,2.4429999999999996,,
2022-01-03,1,6.17,,
2022-01-04,2,4.89,,
2022-01-06,1,4.86,,
2022-01-07,1,1.44,,
2022-01-10,1,1.61,,
2022-01-11,2,1.36,,
2022-01-14,2,3.675,,
2022-01-15,1,3.18,,
2022-01-16,1,3.64,,
2022-01-23,3,1.4433333333333334,,
2022-01-24,4,5.2425,,
2022-01-26,5,12.606,,
2022-01-27,1,3.41,,
2022-01-28,5,10.158,,
2022-01-29,2,2.665,,
2022-01-31,2,0.82,,
2022-02-01,3,22.853333333333335,,
2022-02-04,1,2.58,,
2022-02-05,6,15.893333333333333,,
2022-02-07,1,0.56,,
2022-02-08,5,9.026,,
2022-02-09,3,3.2466666666666666,,
2022-02-11,9,1.1977777777777776,,
2022-02-12,3,4.196666666666666,,
2022-02-13,1,0.9,,
2022-02-14,3,2.7099999999999995,,
2022-02-15,10,21.273999999999997,,
2022-02-16,4,7.9275,,
2022-02-17,1,12.72,,
2022-02-18,1,17.61,,
2022-02-19,1,0.65,,
2022-02-20,2,1.8699999999999999,,
2022-02-21,1,0.48,,
2022-02-22,1,2.22,,
2022-02-25,1,4.28,,
2022-02-26,2,7.555,,
2022-03-01,5,3.592,,
2022-03-02,11,3.9227272727272724,,
2022-03-03,6,3.8616666666666664,,
2022-03-04,4,14.412500000000001,,
2022-03-05,1,3.08,,
2022-03-11,7,5.395714285714286,,
2022-03-12,10,4.806,,
2022-03-13,1,1.18,,
2022-03-14,4,5.355,,
2022-03-15,15,4.356,,
2022-03-16,1,1.87,,
2022-03-17,1,3.54,,
2022-03-18,7,4.1000000000000005,,
2022-03-19,3,5.426666666666667,,
2022-03-20,3,3.2733333333333334,,
2022-03-21,4,22.6975,,
2022-03-23,6,5.993333333333333,,
2022-03-24,7,4.694285714285714,,
2022-03-25,8,6.135,,
2022-03-26,7,6.234285714285714,,
2022-03-27,3,1.9166666666666667,,
2022-03-29,3,1.7366666666666666,,
2022-03-30,1,9.5,,
2022-03-31,8,21.43625,,
2022-04-01,1,4.36,,
2022-04-02,4,1.5225,,
2022-04-04,12,11.215000000000002,,
2022-04-05,3,0.84,,
2022-04-06,9,6.967777777777778,,
2022-04-07,10,10.405000000000001,,
2022-04-08,16,21.146250000000002,,
2022-04-09,4,2.44,,
2022-04-10,2,25.794999999999998,,
2022-04-11,5,1.578,,
2022-04-12,4,1.8375,,
2022-04-13,11,4.5227272727272725,,
2022-04-14,3,3.9,,
2022-04-15,3,0.9766666666666666,,
2022-04-16,4,2.0,,
2022-04-17,5,21.908,,
2022-04-18,5,2.854,,
2022-04-19,3,14.876666666666665,,
2022-04-20,31,10.120967741935484,,
2022-04-21,23,31.216521739130435,,
2022-04-22,179,21.03586592178771,,
2022-04-23,7,1.4585714285714286,,
2022-04-24,2,2.2849999999999997,,
2022-04-25,6,6.291666666666667,,
2022-04-26,5,3.882,,
2022-04-27,4,1.06,,
2022-04-28,6,3.731666666666667,,
2022-04-29,31,43.93870967741936,,
2022-04-30,30,15.321,,
2022-05-01,3,3.4899999999999998,,
2022-05-03,2,2.035,,
2022-05-04,1,0.56,,
2022-05-05,8,4.06875,,
2022-05-06,1,1.19,,
2022-05-07,9,8.22777777777778,,
2022-05-08,1,1.46,,
2022-05-09,4,17.064999999999998,,
2022-05-10,11,4.2,,
2022-05-11,2,1.21,,
2022-05-12,2,0.585,,
2022-05-13,33,39.48212121212121,,
2022-05-14,16,3.745625,,
2022-05-15,10,2.2800000000000002,,
2022-05-17,6,9.398333333333333,,
2022-05-18,29,3.298275862068966,,
2022-05-19,4,0.875,,
2022-05-20,11,1.5899999999999999,,
2022-05-22,1,0.85,,
2022-05-25,4,3.795,,
2022-05-26,3,0.8233333333333333,,
2022-05-28,2,0.71,,
2022-05-29,8,1.4775,,
2022-05-31,2,0.81,,
2022-06-02,3,4.503333333333333,,
2022-06-03,4,0.8625,,
2022-06-04,4,1.0274999999999999,,
2022-06-06,2,1.8599999999999999,,
2022-06-07,2,1.305,,
2022-06-09,1,0.75,,
2022-06-10,7,1.0885714285714285,,
2022-06-11,4,0.545,,
2022-06-12,2,1.2349999999999999,,
2022-06-13,8,3.36625,,
2022-06-14,3,1.1933333333333334,,
2022-06-15,6,1.2483333333333333,,
2022-06-16,8,1.245,,
2022-06-17,18,5.443333333333333,,
2022-06-18,35,4.735714285714286,,
2022-06-19,2,8.215,,
2022-06-20,2,1.29,,
2022-06-22,2,1.96,,
2022-06-23,1,1.92,,
2022-06-24,5,0.8480000000000001,,
2022-06-25,3,4.86,,
2022-06-27,1,4.33,,
2022-06-28,4,2.0375,,
2022-06-29,4,0.9825,,
2022-06-30,2,1.965,,
2022-07-01,4,1.105,,
2022-07-02,8,1.05625,,
2022-07-03,1,4.34,,
2022-07-04,2,0.87,,
2022-07-05,2,1.21,,
2022-07-06,2,4.155,,
2022-07-07,1,0.97,,
2022-07-08,6,8.088333333333333,,
2022-07-09,5,9.252,,
2022-07-10,1,0.54,,
2022-07-11,2,0.685,,
2022-07-12,8,6.4325,,
2022-07-13,5,1.176,,
2022-07-14,5,10.370000000000001,,
2022-07-15,1,0.56,,
2022-07-17,2,1.23,,
2022-07-18,7,2.092857142857143,,
2022-07-19,10,10.486999999999998,,
2022-07-20,6,2.32,,
2022-07-21,4,0.97,,
2022-07-22,2,1.505,,
2022-07-23,8,1.1125,,
2022-07-24,1,0.67,,
2022-07-25,2,0.935,,
2022-07-26,1,0.6,,
2022-07-31,1,0.84,,
2022-08-01,4,1.155,,
2022-08-02,1,1.24,,
2022-08-03,2,0.75,,
2022-08-05,7,6.042857142857143,,
2022-08-08,1,0.83,,
2022-08-09,4,3.6174999999999997,,
2022-08-10,2,1.0550000000000002,,
2022-08-11,6,5.8933333333333335,,
2022-08-13,1,1.41,,
2022-08-14,3,1.5033333333333332,,
2022-08-15,2,1.9449999999999998,,
2022-08-18,1,0.99,,
2022-08-19,2,1.06,,
2022-08-20,1,0.44,,
2022-08-21,8,0.7525,,
2022-08-22,4,0.5874999999999999,,
2022-08-23,4,1.79,,
2022-08-24,8,1.61875,,
2022-08-25,1,2.51,,
2022-08-26,7,18.41857142857143,,
2022-08-27,6,1.0650000000000002,,
2022-08-28,2,1.78,,
2022-08-29,21,18.87238095238095,,
2022-08-30,18,6.404444444444445,,
2022-08-31,6,4.588333333333334,,
2022-09-01,7,1.2228571428571426,,
2022-09-02,2,1.465,,
2022-09-03,6,3.9583333333333335,,
2022-09-04,4,1.6,,
2022-09-05,8,7.33625,,
2022-09-06,9,42.809999999999995,,
2022-09-07,11,1.43,,
2022-09-08,3,1.03,,
2022-09-09,13,6.578461538461538,,
2022-09-10,5,6.936000000000002,,
2022-09-11,5,11.238,,
2022-09-12,8,12.50375,,
2022-09-13,4,1.3575,,
2022-09-15,5,0.866,,
2022-09-16,6,1.1533333333333333,,
2022-09-17,4,0.7975,,
2022-09-18,6,1.4516666666666669,,
2022-09-19,10,22.204,,
2022-09-20,7,1.467142857142857,,
2022-09-23,8,2.1975,,
2022-09-24,7,2.44,,
2022-09-25,7,1.5071428571428573,,
2022-09-26,7,1.7857142857142858,,
2022-09-27,7,1.1785714285714286,,
2022-09-28,4,1.4025,,
2022-09-29,2,1.2,,
2022-09-30,9,1.1800000000000002,,
2022-10-01,1,1.0,,
2022-10-03,4,14.7075,,
2022-10-04,6,1.9183333333333332,,
2022-10-05,3,0.9233333333333333,,
2022-10-06,4,1.1949999999999998,,
2022-10-07,1,2.19,,
2022-10-08,3,0.86,,
2022-10-09,6,0.9833333333333334,,
2022-10-10,5,1.7740000000000002,,
2022-10-11,2,0.96,,
2022-10-12,12,4.991666666666666,,
2022-10-13,13,10.51076923076923,,
2022-10-14,18,10.092777777777776,,
2022-10-15,44,6.836363636363637,,
2022-10-16,1,3.81,,
2022-10-17,2,1.97,,
2022-10-18,45,12.685111111111112,,
2022-10-19,13,7.648461538461539,,
2022-10-20,10,6.7090000000000005,,
2022-10-21,1,1.11,,
2022-10-22,25,38.7248,,
2022-10-25,3,13.14,,
2022-10-26,1,2.56,,
2022-10-30,4,1.3375,,
2022-10-31,3,2.2133333333333334,,
2022-11-01,2,3.125,,
2022-11-02,2,15.03,,
2022-11-04,1,2.92,,
2022-11-07,7,6.367142857142857,,
2022-11-08,17,18.209411764705884,,
2022-11-09,2,10.78,,
2022-11-10,1,16.86,,
2022-11-15,1,0.85,,
2022-11-18,5,9.502,,
2022-11-19,3,12.183333333333332,,
2022-11-21,3,4.033333333333333,,
2022-11-25,4,8.540000000000001,,
2022-11-26,2,2.415,,
2022-11-27,1,4.34,,
2022-11-28,2,1.2349999999999999,,
2022-11-30,14,19.782142857142855,,
2022-12-01,10,9.421000000000001,,
2022-12-02,4,27.1625,,
2022-12-03,7,6.53,,
2022-12-06,3,10.79,,
2022-12-07,6,14.218333333333334,,
2022-12-08,6,21.294999999999998,,
2022-12-09,5,9.718,,
2022-12-10,1,5.34,,
2022-12-11,12,47.89000000000001,,
2022-12-12,5,5.438000000000001,,
2022-12-15,3,6.243333333333333,,
2022-12-18,1,5.55,,
2022-12-19,3,5.3999999999999995,,
2022-12-22,1,3.46,,
2022-12-25,1,0.59,,
2022-12-28,1,0.74,,
2023-01-04,4,24.310000000000002,,
2023-01-06,1,2.85,,
2023-01-07,1,1.08,,
2023-01-08,1,3.04,,
2023-01-09,1,1.4,,
2023-01-12,3,5.489999999999999,,
2023-01-13,3,3.6366666666666667,,
2023-01-14,11,6.679090909090909,,
2023-01-16,4,4.18,,
2023-01-22,1,15.24,,
2023-01-23,2,23.965,,
2023-01-24,4,7.5075,,
2023-01-25,3,12.366666666666667,,
2023-01-26,4,8.6875,,
2023-01-27,1,5.46,,
2023-01-28,1,1.39,,
2023-01-30,2,5.425000000000001,,
2023-02-01,1,3.08,,
2023-02-02,6,10.115,,
2023-02-04,4,3.37,,
2023-02-07,3,6.403333333333333,,
2023-02-12,3,6.406666666666666,,
2023-02-13,4,37.6975,,
2023-02-14,1,2.63,,
2023-02-16,9,14.764444444444443,,
2023-02-17,5,5.24,,
2023-02-20,2,1.26,,
2023-02-21,1,1.09,,
2023-02-26,2,0.9450000000000001,,
2023-02-27,2,0.92,,
2023-03-01,1,1.04,,
2023-03-02,2,1.345,,
2023-03-03,1,5.15,,
2023-03-04,3,1.9799999999999998,,
2023-03-05,3,47.846666666666664,,
2023-03-09,6,3.15,,
2023-03-10,2,1.3250000000000002,,
2023-03-13,3,2.17,,
2023-03-14,4,4.01,,
2023-03-15,1,2.96,,
2023-03-17,3,3.0866666666666664,,
2023-03-18,8,4.37,,
2023-03-19,2,2.655,,
2023-03-21,1,1.59,,
2023-03-23,1,2.18,,
2023-03-24,4,5.155,,
2023-03-26,2,4.705,,
2023-03-28,4,2.8425000000000002,,
2023-03-29,6,2.276666666666667,,
2023-03-30,4,6.5275,,
2023-03-31,5,7.7459999999999996,,
2023-04-01,18,10.472777777777777,,
2023-04-02,6,9.31,,
2023-04-03,3,1.0966666666666667,,
2023-04-04,3,1.3099999999999998,,
2023-04-06,17,6.1917647058823535,,
2023-04-07,4,6.4375,,
2023-04-08,4,1.595,,
2023-04-09,4,2.025,,
2023-04-10,4,4.6675,,
2023-04-11,32,31.4225,,
2023-04-12,12,12.055833333333332,,
2023-04-13,4,0.9824999999999999,,
2023-04-14,5,7.862,,
2023-04-15,1,2.16,,
2023-04-16,9,13.648888888888889,,
2023-04-17,5,4.470000000000001,,
2023-04-18,3,40.06,,
2023-04-19,12,5.095,,
2023-04-20,8,6.59125,,
2023-04-21,2,7.614999999999999,,
2023-04-23,7,2.4699999999999998,,
2023-04-24,2,1.195,,
2023-04-26,2,1.5350000000000001,,
2023-04-27,2,1.2000000000000002,,
2023-04-28,2,3.28,,
2023-04-29,6,3.3466666666666662,,
2023-04-30,8,2.0100000000000002,,
2023-05-01,13,14.533076923076923,,
2023-05-02,2,4.605,,
2023-05-03,8,15.48625,,
2023-05-04,3,1.0233333333333332,,
2023-05-05,5,1.018,,
2023-05-06,6,1.2666666666666666,,
2023-05-07,4,1.365,,
2023-05-08,17,22.25294117647059,,
2023-05-09,11,9.122727272727273,,
2023-05-10,5,0.8160000000000001,,
2023-05-11,3,6.266666666666667,,
2023-05-12,2,11.58,,
2023-05-14,2,0.625,,
2023-05-15,1,0.76,,
2023-05-16,8,9.43125,,
2023-05-17,2,1.005,,
2023-05-18,1,4.31,,
2023-05-20,1,0.98,,
2023-05-21,2,1.13,,
2023-05-22,7,2.6900000000000004,,
2023-05-23,2,0.645,,
2023-05-24,1,0.55,,
2023-05-25,1,0.75,,
2023-05-26,4,0.73,,
2023-05-28,9,11.261111111111111,,
2023-05-29,22,8.937727272727273,,
2023-05-30,9,12.964444444444446,,
2023-05-31,5,0.8480000000000001,,
2023-06-01,1,5.55,,
2023-06-02,1,0.92,,
2023-06-05,1,1.02,,
2023-06-06,4,0.4975,,
2023-06-09,1,1.13,,
2023-06-10,3,0.9466666666666667,,
2023-06-11,5,0.806,,
2023-06-12,1,1.22,,
2023-06-13,1,1.29,,
2023-06-14,2,1.26,,
2023-06-15,5,0.828,,
2023-06-16,7,1.0071428571428573,,
2023-06-17,1,0.85,,
2023-06-18,5,1.686,,
2023-06-19,2,0.755,,
2023-06-20,2,2.2600000000000002,,
2023-06-21,9,5.671111111111112,,
2023-06-22,1,1.79,,
2023-06-23,1,2.98,,
2023-06-24,8,2.06,,
2023-06-25,8,5.32,,
2023-06-26,5,0.8619999999999999,,
2023-06-27,6,9.42,,
2023-06-28,16,3.635625,,
2023-06-29,37,3.0745945945945947,,
2023-06-30,6,5.946666666666666,,
2023-07-01,16,1.73875,,
2023-07-02,9,1.5233333333333334,,
2023-07-03,10,25.243999999999996,,
2023-07-04,4,2.305,,
2023-07-05,4,4.2475000000000005,,
2023-07-06,13,40.560769230769225,,
2023-07-07,10,55.249,,
2023-07-08,2,2.27,,
2023-07-09,2,2.15,,
2023-07-10,1,0.69,,
2023-07-11,5,6.2700000000000005,,
2023-07-12,4,5.4125,,
2023-07-13,4,1.065,,
2023-07-15,5,1.0859999999999999,,
2023-07-16,5,1.202,,
2023-07-17,10,2.92,,
2023-07-18,9,3.31,,
2023-07-23,3,0.9199999999999999,,
2023-07-24,1,0.25,,
2023-07-26,8,25.6775,,
2023-07-27,8,3.005,,
2023-07-28,17,4.464705882352941,,
2023-07-29,27,3.6862962962962964,,
2023-07-30,7,12.902857142857144,,
2023-08-01,2,13.545,,
2023-08-02,1,2.9,,
2023-08-04,3,5.89,,
2023-08-05,14,8.044285714285714,,
2023-08-06,21,9.257142857142858,,
2023-08-07,23,20.996521739130436,,
2023-08-08,78,6.998974358974358,,
2023-08-09,63,3.1133333333333333,,
2023-08-10,26,2.226923076923077,,
2023-08-11,23,3.9156521739130437,,
2023-08-12,11,14.379090909090907,,
2023-08-13,6,0.9366666666666666,,
2023-08-14,33,6.383636363636364,,
2023-08-15,18,2.7027777777777775,,
2023-08-16,20,5.556500000000001,,
2023-08-17,40,9.27825,,
2023-08-18,5,8.404,,
2023-08-19,7,4.454285714285715,,
2023-08-20,18,14.112222222222222,,
2023-08-21,34,9.92470588235294,,
2023-08-22,29,2.2441379310344827,,
2023-08-23,8,3.0875,,
2023-08-24,2,8.56,,
2023-08-25,2,0.8,,
2023-08-26,1,0.78,,
2023-08-27,4,1.165,,
2023-08-28,2,3.91,,
2023-08-29,5,5.248,,
2023-08-30,11,6.147272727272727,,
2023-08-31,6,4.028333333333333,,
2023-09-02,2,6.94,,
2023-09-04,6,1.0933333333333335,,
2023-09-05,3,2.03,,
2023-09-06,12,5.991666666666667,,
2023-09-07,128,10.57546875,,
2023-09-08,86,7.919883720930232,,
2023-09-09,62,2.172741935483871,,
2023-09-10,56,13.731071428571429,,
2023-09-12,2,0.78,,
2023-09-14,3,1.0466666666666666,,
2023-09-16,5,1.014,,
2023-09-17,7,1.7485714285714287,,
2023-09-18,11,2.21,,
2023-09-19,2,0.8300000000000001,,
2023-09-20,6,0.6416666666666666,,
2023-09-21,40,5.7265,,
2023-09-22,18,1.6111111111111112,,
2023-09-23,9,0.8822222222222221,,
2023-09-24,17,41.59529411764706,,
2023-09-25,47,12.330212765957446,,
2023-09-26,62,12.068709677419355,,
2023-09-27,80,11.353750000000002,,
2023-09-28,61,7.477049180327869,,
2023-09-29,28,1.122857142857143,,
2023-10-01,2,4.78,,
2023-10-02,2,1.6150000000000002,,
2023-10-04,1,2.78,,
2023-10-05,2,4.615,,
2023-10-06,5,8.256,,
2023-10-07,9,4.522222222222222,,
2023-10-08,13,9.010769230769231,,
2023-10-09,53,24.99867924528302,,
2023-10-10,22,9.091363636363637,,
2023-10-11,7,1.332857142857143,,
2023-10-12,2,0.8899999999999999,,
2023-10-15,21,10.454761904761906,,
2023-10-16,12,8.621666666666668,,
2023-10-17,46,8.567608695652174,,
2023-10-18,17,1.7735294117647058,,
2023-10-19,16,13.3025,,
2023-10-20,31,9.118064516129033,,
2023-10-21,21,48.296190476190475,,
2023-10-22,46,17.916086956521738,,
2023-10-23,30,7.348666666666666,,
2023-10-24,23,2.7182608695652175,,
2023-10-25,18,5.101666666666667,,
2023-10-26,17,8.190000000000001,,
2023-10-27,6,7.641666666666667,,
2023-10-28,2,0.85,,
2023-10-29,1,7.69,,
2023-10-30,1,4.6,,
2023-10-31,3,7.68,,
2023-11-01,1,5.03,,
2023-11-02,9,1.4933333333333334,,
2023-11-03,7,5.594285714285715,,
2023-11-04,3,1.46,,
2023-11-05,3,2.0466666666666664,,
2023-11-06,4,9.15,,
2023-11-07,13,1.9861538461538462,,
2023-11-08,5,3.6719999999999997,,
2023-11-10,2,0.915,,
2023-11-11,1,1.1,,
2023-11-12,10,10.42,,
2023-11-13,2,6.045,,
2023-11-14,6,7.234999999999999,,
2023-11-15,1,10.47,,
2023-11-16,7,36.81285714285714,,
2023-11-17,3,1.6733333333333331,,
2023-11-18,2,0.84,,
2023-11-19,2,3.125,,
2023-11-20,7,10.01142857142857,,
2023-11-22,1,1.45,,
2023-11-23,2,1.495,,
2023-11-27,11,13.840000000000002,,
2023-11-28,5,30.516000000000002,,
2023-11-29,5,17.768,,
2023-11-30,10,9.707,,
2023-12-02,1,1.64,,
2023-12-05,16,4.6381250000000005,,
2023-12-06,21,1.85,,
2023-12-07,16,21.684375,,
2023-12-08,6,6.111666666666667,,
2023-12-09,1,5.11,,
2023-12-10,1,7.35,,
2023-12-11,5,8.482,,
2023-12-12,5,30.782,,
2023-12-13,4,10.44,,
2023-12-14,6,16.30333333333333,,
2023-12-15,6,4.415,,
2023-12-16,1,1.17,,
2023-12-18,1,2.23,,
2023-12-19,4,2.675,,
2023-12-20,4,52.9075,,
2023-12-21,6,4.445,,
2023-12-22,13,1.919230769230769,,
2023-12-28,2,0.835,,
2023-12-31,1,1.19,,
2024-01-01,2,2.67,,
2024-01-02,1,8.73,,
2024-01-03,3,4.906666666666667,,
2024-01-05,5,6.9319999999999995,,
2024-01-06,7,5.348571428571428,,
2024-01-09,4,7.145,,
2024-01-10,4,7.6175,,
2024-01-12,4,6.9125,,
2024-01-18,3,7.463333333333334,,
2024-01-23,1,6.0,,
2024-01-27,2,3.09,,
2024-01-29,1,10.85,,
2024-01-30,6,14.351666666666667,,
2024-01-31,5,28.372000000000003,,
2024-02-01,7,14.86,,
2024-02-02,5,13.65,,
2024-02-05,3,13.273333333333333,,
2024-02-06,4,2.9775,,
2024-02-08,8,8.1725,,
2024-02-09,4,14.6325,,
2024-02-12,9,27.78666666666667,,
2024-02-13,9,22.78,,
2024-02-14,19,12.484210526315788,,
2024-02-15,5,3.658,,
2024-02-16,1,1.91,,
2024-02-18,1,2.65,,
2024-02-19,6,2.5399999999999996,,
2024-02-21,3,5.8933333333333335,,
2024-02-22,2,3.725,,
2024-02-23,10,4.718999999999999,,
2024-02-24,7,5.252857142857144,,
2024-02-25,27,13.954814814814814,,
2024-02-26,10,6.784999999999999,,
2024-02-27,3,3.9600000000000004,,
2024-02-28,13,8.108461538461539,,
2024-02-29,10,3.5140000000000002,,
2024-03-01,21,10.802380952380952,,
2024-03-02,38,67.10894736842106,,
2024-03-03,8,1.06375,,
2024-03-04,3,1.0266666666666666,,
2024-03-05,4,14.067499999999999,,
2024-03-06,6,11.371666666666664,,
2024-03-07,1,2.41,,
2024-03-09,7,2.781428571428571,,
2024-03-10,10,4.914,,
2024-03-11,1,1.9,,
2024-03-12,10,12.464,,
2024-03-13,5,10.51,,
2024-03-16,1,0.95,,
2024-03-18,5,2.886,,
2024-03-19,5,7.786,,
2024-03-20,22,4.303181818181819,,
2024-03-21,26,43.112307692307695,,
2024-03-22,7,6.508571428571429,,
2024-03-23,3,3.8433333333333333,,
2024-03-24,4,19.177500000000002,,
2024-03-26,1,2.15,,
2024-03-27,1,14.63,,
2024-03-28,8,24.947499999999998,,
2024-03-29,2,8.17,,
2024-03-31,1,1.16,,
2024-04-01,1,3.32,,
2024-04-02,3,4.78,,
2024-04-03,9,4.566666666666666,,
2024-04-04,11,3.946363636363636,,
2024-04-05,3,5.886666666666667,,
2024-04-06,4,3.785,,
2024-04-07,1,0.98,,
2024-04-08,3,8.409999999999998,,
2024-04-09,9,2.251111111111111,,
2024-04-10,2,6.375,,
2024-04-11,15,21.898000000000003,,
2024-04-12,13,8.47923076923077,,
2024-04-13,3,8.203333333333333,,
2024-04-14,8,1.0162499999999999,,
2024-04-15,11,5.453636363636363,,
2024-04-16,2,9.58,,
2024-04-17,7,5.127142857142857,,
2024-04-18,1,4.48,,
2024-04-19,1,3.53,,
2024-04-20,1,1.63,,
2024-04-21,10,7.69,,
2024-04-22,8,5.68125,,
2024-04-23,38,17.666315789473682,,
2024-04-24,13,18.36692307692308,,
2024-04-25,4,1.005,,
2024-04-28,2,1.3599999999999999,,
2024-04-29,3,2.4633333333333334,,
2024-04-30,3,4.56,,
2024-05-01,1,1.04,,
2024-05-02,1,4.28,,
2024-05-04,3,5.116666666666667,,
2024-05-05,2,0.75,,
2024-05-06,2,0.7899999999999999,,
2024-05-07,1,0.64,,
2024-05-08,6,1.2283333333333333,,
2024-05-09,1,1.53,,
2024-05-11,4,2.0625,,
2024-05-13,5,0.732,,
2024-05-14,1,0.82,,
2024-05-15,1,9.24,,
2024-05-17,5,4.5120000000000005,,
2024-05-18,6,1.21,,
2024-05-19,28,11.031071428571428,,
2024-05-20,8,1.205,,
2024-05-21,1,0.47,,
2024-05-22,20,15.280000000000001,,
2024-05-23,14,7.046428571428571,,
2024-05-24,3,0.49,,
2024-05-25,6,2.555,,
2024-05-27,3,1.0,,
2024-05-28,4,1.0575,,
2024-05-29,8,0.655,,
2024-05-30,5,5.3340000000000005,,
2024-05-31,3,1.21,,
2024-06-01,8,0.7925,,
2024-06-02,16,5.14375,,
2024-06-03,6,1.1416666666666666,,
2024-06-05,26,11.726923076923075,,
2024-06-06,7,0.7571428571428571,,
2024-06-07,3,1.08,,
2024-06-08,7,1.2028571428571428,,
2024-06-09,9,1.0244444444444445,,
2024-06-10,1,0.76,,
2024-06-11,7,12.774285714285712,,
2024-06-12,22,2.475909090909091,,
2024-06-13,20,39.612,,
2024-06-14,4,1.0175,,
2024-06-16,6,3.4116666666666666,,
2024-06-17,7,1.0014285714285713,,
2024-06-18,4,0.975,,
2024-06-21,8,6.58875,,
2024-06-22,1,0.52,,
2024-06-23,2,1.36,,
2024-06-24,17,30.049411764705884,,
2024-06-25,23,12.912608695652175,,
2024-06-26,11,1.1345454545454545,,
2024-06-27,1,0.35,,
2024-06-28,8,15.21375,,
2024-06-29,6,1.105,,
2024-07-01,3,1.53,,
2024-07-02,1,1.61,,
2024-07-03,3,1.8166666666666667,,
2024-07-04,4,1.0825,,
2024-07-05,3,1.0733333333333333,,
2024-07-06,7,3.8542857142857145,,
2024-07-07,16,6.22875,,
2024-07-08,8,1.64875,,
2024-07-09,2,1.11,,
2024-07-10,5,2.826,,
2024-07-11,1,1.01,,
2024-07-12,9,7.591111111111112,,
2024-07-13,10,17.785,,
2024-07-14,12,8.1425,,
2024-07-15,2,1.735,,
2024-07-16,7,3.7085714285714286,,
2024-07-17,4,1.0,,
2024-07-18,3,3.8066666666666666,,
2024-07-19,5,0.642,,
2024-07-20,3,2.2966666666666664,,
2024-07-21,3,0.77,,
2024-07-22,8,9.25375,,
2024-07-23,4,0.615,,
2024-07-24,5,0.5279999999999999,,
2024-07-26,2,1.2000000000000002,,
2024-07-27,6,3.2483333333333335,,
2024-07-28,9,62.75444444444444,,
2024-07-29,28,82.84678571428572,,
2024-07-30,92,38.228478260869565,,
2024-07-31,152,13.697960526315791,,
2024-08-01,98,48.236326530612246,,
2024-08-02,91,7.175604395604396,,
2024-08-03,46,1.1047826086956523,,
2024-08-04,10,9.107,,
2024-08-05,7,1.6285714285714283,,
2024-08-06,10,27.613,,
2024-08-07,4,4.2325,,
2024-08-08,13,8.407692307692308,,
2024-08-11,1,0.38,,
2024-08-12,2,1.34,,
2024-08-13,1,0.37,,
2024-08-14,3,0.8766666666666666,,
2024-08-15,2,0.75,,
2024-08-16,4,2.09,,
2024-08-17,2,2.5900000000000003,,
2024-08-18,2,5.335,,
2024-08-20,3,2.6533333333333333,,
2024-08-21,6,2.6966666666666668,,
2024-08-23,2,2.295,,
2024-08-25,2,5.26,,
2024-08-27,6,3.0116666666666667,,
2024-08-28,5,0.664,,
2024-08-29,2,2.9749999999999996,,
2024-08-30,6,0.66,,
2024-08-31,3,0.48666666666666664,,
2024-09-01,2,0.7949999999999999,,
2024-09-02,6,0.5816666666666667,,
2024-09-03,3,0.6066666666666667,,
2024-09-05,1,0.68,,
2024-09-06,6,0.7433333333333333,,
2024-09-07,8,14.3275,,
2024-09-08,4,7.9375,,
2024-09-09,9,18.134444444444444,,
2024-09-10,15,2.278,,
2024-09-11,8,1.2075,,
2024-09-12,11,9.467272727272727,,
2024-09-13,7,8.105714285714285,,
2024-09-14,19,34.724736842105266,,
2024-09-15,16,1.7374999999999998,,
2024-09-16,8,3.2262500000000003,,
2024-09-17,1,0.75,,
2024-09-18,1,5.12,,
2024-09-19,4,1.73,,
2024-09-20,4,1.025,,
2024-09-21,7,1.0,,
2024-09-23,4,2.49,,
2024-09-24,1,0.85,,
2024-09-25,34,18.871176470588235,,
2024-09-26,56,4.725357142857143,,
2024-09-27,6,5.98,,
2024-09-28,12,2.1941666666666664,,
2024-09-29,17,30.140588235294118,,
2024-09-30,10,1.157,,
2024-10-01,9,3.112222222222222,,
2024-10-02,17,3.1405882352941177,,
2024-10-03,17,7.980588235294118,,
2024-10-04,19,7.6626315789473685,,
2024-10-05,11,1.4254545454545455,,
2024-10-06,8,1.0875,,
2024-10-07,6,1.5166666666666668,,
2024-10-08,5,1.35,,
2024-10-09,5,1.05,,
2024-10-10,10,1.022,,
2024-10-12,4,1.3325,,
2024-10-13,2,0.75,,
2024-10-14,1,0.24,,
2024-10-15,9,3.248888888888889,,
2024-10-16,3,1.28,,
2024-10-17,4,0.645,,
2024-10-18,1,0.87,,
2024-10-21,2,6.365,,
2024-10-22,3,0.85,,
2024-10-23,4,3.895,,
2024-10-24,3,1.2266666666666666,,
2024-10-25,2,2.29,,
2024-10-26,4,1.4275,,
2024-10-29,3,4.833333333333333,,
2024-10-30,2,1.6900000000000002,,
2024-10-31,12,1.8058333333333332,,
2024-11-01,4,4.2524999999999995,,
2024-11-02,3,7.0566666666666675,,
2024-11-05,4,14.89,,
2024-11-07,3,3.2433333333333336,,
2024-11-10,1,0.58,,
2024-11-11,3,1.0933333333333335,,
2024-11-12,3,4.77,,
2024-11-13,5,5.164,,
2024-11-14,6,2.513333333333333,,
2024-11-15,2,1.1800000000000002,,
2024-11-16,2,0.385,,
2024-11-17,2,3.925,,
2024-11-18,2,5.3100000000000005,,
2024-11-19,6,26.583333333333332,,
2024-11-20,14,19.985714285714284,,
2024-11-21,21,2.725714285714286,,
2024-11-22,12,21.205000000000002,,
2024-11-24,1,0.47,,
2024-11-25,5,29.82,,
2024-11-27,1,3.68,,
2024-11-28,2,1.0150000000000001,,
2024-11-30,4,4.077500000000001,,
2024-12-02,3,5.336666666666667,,
2024-12-04,16,17.335625,,
2024-12-05,10,7.745,,
2024-12-06,11,4.655454545454545,,
2024-12-07,2,1.345,,
2024-12-09,1,0.61,,
2024-12-10,4,4.1075,,
2024-12-11,2,6.220000000000001,,
2024-12-12,10,4.596,,
2024-12-13,6,3.8633333333333333,,
2024-12-14,3,11.829999999999998,,
2024-12-16,2,0.95,,
2024-12-17,6,42.06166666666667,,
2024-12-18,13,17.14923076923077,,
2024-12-19,12,12.917499999999999,,
2024-12-20,11,2.6154545454545453,,
2024-12-21,4,4.172499999999999,,
2024-12-22,3,2.403333333333333,,
2024-12-27,1,1.36,,
2024-12-29,2,1.3900000000000001,,
2024-12-30,1,1.44,,
2024-12-31,1,0.8,,
